,name,recon_1
0,SAMD11,0.6430611
1,NOC2L,0.6109099
2,PERM1,0.68257445
3,HES4,0.6955472
4,AGRN,0.61248803
5,TNFRSF4,0.63125604
6,DVL1,0.60247993
7,CCNL2,0.5309689
8,SSU72,0.6050079
9,CDK11B,0.651828
10,CDK11A,0.6730338
11,PRKCZ,0.6885639
12,SKI,0.5687714
13,HES5,0.6824098
14,PRDM16,0.6829559
15,TP73,0.6898522
16,CHD5,0.65047365
17,HES3,0.11969162
18,HES2,0.66614383
19,ZBTB48,0.6777556
20,THAP3,0.6920264
21,CAMTA1,0.6852903
22,PER3,0.657875
23,PARK7,0.63268775
24,RERE,0.56535995
25,ENO1,0.41637963
26,CTNNBIP1,0.47661164
27,PEX14,0.67703223
28,CASZ1,0.5777079
29,MTOR,0.6375073
30,MAD2L2,0.68819356
31,MTHFR,0.6543842
32,PRAMEF12,0.18290879
33,PRAMEF1,0.047085203
34,PRAMEF11,0.028395766
35,PRAMEF2,0.042187396
36,PRAMEF4,0.014937636
37,PRAMEF10,0.024591465
38,PRAMEF7,0.036240697
39,PRAMEF6,0.006532566
40,PRAMEF27,0.006903225
41,PRAMEF25,0.0
42,PRAMEF9,0.0055902866
43,PRAMEF5,0.0033032692
44,PRAMEF8,0.040333245
45,PRAMEF33,0.009481086
46,PRAMEF15,0.018742124
47,PRAMEF14,0.020156918
48,PRAMEF19,0.038130537
49,PRAMEF17,0.04306424
50,PRAMEF20,0.050679695
51,PRDM2,0.6155489
52,SPEN,0.56780505
53,ZBTB17,0.6651282
54,PADI2,0.6782116
55,PAX7,0.38693702
56,PINK1,0.6700635
57,HP1BP3,0.54980063
58,WNT4,0.6618788
59,ZBTB40,0.64566976
60,KDM1A,0.63277847
61,ZNF436,0.6663742
62,TCEA3,0.6531086
63,E2F2,0.6932449
64,ID3,0.64861673
65,ELOA,0.64717454
66,PITHD1,0.63312083
67,SRSF10,0.6273209
68,GRHL3,0.6195476
69,RUNX3,0.6710516
70,ZNF593,0.07046849
71,ZNF683,0.43068704
72,RPS6KA1,0.65819883
73,ARID1A,0.5935899
74,GPATCH3,0.6878758
75,NR0B2,0.18672591
76,SLC9A1,0.6576198
77,WDTC1,0.60503584
78,PTAFR,0.6956835
79,SESN2,0.6917903
80,MED18,0.6955195
81,TAF12,0.6858723
82,GMEB1,0.689705
83,OPRD1,0.40094873
84,KHDRBS1,0.60881704
85,KPNA6,0.61047375
86,HDAC1,0.63718927
87,ZBTB8B,0.4416664
88,ZBTB8A,0.6958872
89,TRIM62,0.6726615
90,ZNF362,0.6645276
91,PHC2,0.59619445
92,ZSCAN20,0.66795003
93,HMGB4,0.18253683
94,SFPQ,0.4755435
95,TFAP2E,0.6961882
96,PSMB2,0.63125765
97,AGO1,0.6399052
98,THRAP3,0.585701
99,ZC3H12A,0.6403606
100,SNIP1,0.6856527
101,MTF1,0.6797105
102,FHL3,0.68113756
103,POU3F1,0.6806053
104,MYCBP,0.69556695
105,AKIRIN1,0.6726847
106,HEYL,0.69519925
107,PPIE,0.664687
108,MYCL,0.62919134
109,RLF,0.64828813
110,ZMPSTE24,0.6686178
111,ZFP69B,0.585477
112,ZFP69,0.678848
113,ZNF684,0.6704832
114,NFYC,0.638497
115,CITED4,0.65855247
116,SCMH1,0.6723816
117,FOXO6,0.6782577
118,HIVEP3,0.66350937
119,FOXJ3,0.62084943
120,YBX1,0.5230725
121,ZNF691,0.69542474
122,MED8,0.6627381
123,KDM4A,0.65143824
124,KLF17,0.14279604
125,KLF18,0.097360164
126,DMAP1,0.64377767
127,PLK3,0.6626264
128,GPBP1L1,0.58444065
129,DMBX1,0.30653137
130,TAL1,0.69293946
131,FOXE3,0.4069414
132,FOXD2,0.6293005
133,BEND5,0.68151283
134,DMRTA2,0.17921525
135,FAF1,0.64022595
136,KTI12,0.6913275
137,CC2D1B,0.6625396
138,ORC1,0.6785725
139,LRP8,0.69456965
140,DMRTB1,0.13433953
141,GLIS1,0.6901774
142,SSBP3,0.632046
143,PLPP3,0.5628365
144,MYSM1,0.6340388
145,JUN,0.47611845
146,NFIA,0.6505829
147,FOXD3,0.59974235
148,ITGB3BP,0.6960228
149,EFCAB7,0.69541466
150,ROR1,0.696094
151,MIR101-1,0.0
152,MIER1,0.6685367
153,GADD45A,0.65060943
154,DEPDC1,0.66189516
155,CTH,0.6622353
156,LHX8,0.09017445
157,SAMD13,0.5826443
158,BCL10,0.6883191
159,ZNHIT6,0.6762842
160,LMO4,0.64923394
161,GTF2B,0.6789929
162,ZNF326,0.653273
163,BARHL2,0.18954343
164,ZNF644,0.67744744
165,BRDT,0.1893223
166,SETSIP,0.33504283
167,RPAP2,0.68727976
168,GFI1,0.6062755
169,MTF2,0.68219024
170,DR1,0.62928873
171,RWDD3,0.6954806
172,S1PR1,0.6684652
173,PRMT6,0.69575286
174,TAF13,0.69098324
175,CELSR2,0.54941803
176,PSRC1,0.6925483
177,PSMA5,0.6569225
178,ALX3,0.23483326
179,RBM15,0.69508266
180,LAMTOR5,0.6728267
181,LRIF1,0.69568247
182,WDR77,0.69300234
183,TMIGD3,0.57993054
184,ADORA3,0.61480325
185,DDX20,0.69098794
186,TRIM33,0.62631506
187,NHLH2,0.6752915
188,TRIM45,0.6955022
189,TBX15,0.685162
190,ZNF697,0.69517857
191,NOTCH2,0.5196291
192,POLR3C,0.67868733
193,PIAS3,0.62775344
194,TXNIP,0.2769124
195,BCL9,0.6832578
196,OTUD7B,0.66531056
197,CIART,0.67601675
198,ECM1,0.61959964
199,ARNT,0.6169796
200,SETDB1,0.66342175
201,MLLT11,0.69437754
202,GABPB2,0.671246
203,VPS72,0.6758432
204,PSMD4,0.6144496
205,RFX5,0.68820155
206,PSMB4,0.5893896
207,POGZ,0.6033479
208,RORC,0.6447205
209,CRNN,0.6950562
210,S100A9,0.68637896
211,S100A12,0.4697261
212,S100A8,0.69606954
213,ILF2,0.60534114
214,GATAD2B,0.62655336
215,CRTC2,0.6320727
216,CREB3L4,0.69230837
217,HAX1,0.6567824
218,PBXIP1,0.61758614
219,SHC1,0.6235145
220,CKS1B,0.6909663
221,ZBTB7B,0.518251
222,EFNA1,0.57941717
223,MUC1,0.6942963
224,ASH1L,0.6002479
225,YY1AP1,0.6382873
226,GON4L,0.6371844
227,ARHGEF2,0.66198695
228,PMF1,0.6606617
229,GLMP,0.68363994
230,MEF2D,0.58897895
231,CRABP2,0.62321615
232,HDGF,0.5286955
233,NTRK1,0.46349457
234,ARHGEF11,0.63628334
235,ETV3L,0.2640929
236,ETV3,0.60405517
237,PYHIN1,0.58409953
238,IFI16,0.611398
239,AIM2,0.49579212
240,NHLH1,0.60426044
241,USF1,0.65933585
242,USP21,0.66777474
243,NR1I3,0.62594503
244,ATF6,0.6358062
245,DDR2,0.641982
246,PBX1,0.65972
247,LMX1A,0.51952887
248,RXRG,0.6575844
249,POGK,0.63574266
250,TADA1,0.6933399
251,MAEL,0.36237785
252,POU2F1,0.6614309
253,CREG1,0.58211684
254,DCAF6,0.6457598
255,TBX19,0.6950554
256,XCL1,0.4247732
257,PRRX1,0.6375851
258,FASLG,0.3295902
259,TNFSF18,0.36974347
260,TNFSF4,0.6199623
261,ZBTB37,0.6644893
262,LHX4,0.67659956
263,IER5,0.6388345
264,ZNF648,0.49008772
265,RNASEL,0.6942581
266,DHX9,0.59102285
267,RNF2,0.6945488
268,TPR,0.5876038
269,GLRX2,0.69272935
270,CDC73,0.6758248
271,ZBTB41,0.6920173
272,LHX9,0.13730247
273,NR5A2,0.68206334
274,ZNF281,0.6919163
275,ASCL5,0.35702777
276,ELF3,0.68516123
277,KDM5B,0.5898793
278,MYOG,0.21502809
279,BTG2,0.5506165
280,ATP2B4,0.5122837
281,ZBED6,0.58306986
282,SOX13,0.65379864
283,MDM4,0.6074079
284,CDK18,0.6947922
285,ELK4,0.6165647
286,NUCKS1,0.5608952
287,RAB7B,0.6588476
288,IL10,0.2696533
289,CD34,0.586966
290,IRF6,0.5093393
291,RCOR3,0.63812494
292,TRAF5,0.6863388
293,ATF3,0.6428658
294,BATF3,0.64517766
295,PROX1,0.68694556
296,SMYD2,0.68480015
297,PTPN14,0.6067584
298,CENPF,0.6952657
299,ESRRG,0.68194926
300,TGFB2,0.6891146
301,HLX,0.6946375
302,TP53BP2,0.65284956
303,LEFTY1,0.53253686
304,MIXL1,0.17687942
305,LIN9,0.6916613
306,PARP1,0.6369738
307,ZNF678,0.69184476
308,WNT3A,0.6874209
309,TRIM11,0.6741655
310,RNF187,0.5902393
311,TAF5L,0.6867072
312,AGT,0.6712764
313,EGLN1,0.6163564
314,TARBP1,0.6399756
315,IRF2BP2,0.5718452
316,ARID4B,0.6573158
317,HEATR1,0.66155875
318,ACTN2,0.6644674
319,ZBTB18,0.6807692
320,HNRNPU,0.49219045
321,SMYD3,0.69575685
322,TFB2M,0.6946501
323,ZNF695,0.34198573
324,ZNF670,0.6739605
325,ZNF669,0.674649
326,ZNF124,0.67116666
327,ZNF496,0.67417413
328,NLRP3,0.6399982
329,ZNF672,0.66266686
330,ZNF692,0.6636483
331,MYT1L,0.3385686
332,SOX11,0.38561174
333,ID2,0.64410615
334,ITGB1BP1,0.6577852
335,YWHAQ,0.56991464
336,TAF1B,0.6957101
337,GRHL1,0.56098723
338,KLF11,0.64828354
339,RRM2,0.6859841
340,E2F6,0.69534224
341,LPIN1,0.65083194
342,TRIB2,0.6631097
343,DDX1,0.6168989
344,MYCN,0.6188189
345,MSGN1,0.11404213
346,OSR1,0.6935726
347,GDF7,0.69543034
348,ATAD2B,0.6623339
349,NCOA1,0.6198984
350,POMC,0.6898699
351,DNMT3A,0.68484
352,ASXL2,0.66697234
353,MAPRE3,0.6430308
354,TCF23,0.4476678
355,UCN,0.6084044
356,ZNF513,0.68123084
357,SUPT7L,0.664278
358,FOSL2,0.46641925
359,WDR43,0.65680087
360,ALK,0.5322694
361,LBH,0.6409245
362,DPY30,0.6864179
363,NLRC4,0.5938876
364,STRN,0.6311465
365,EIF2AK2,0.679183
366,CEBPZ,0.6809435
367,CYP1B1,0.68610597
368,MTA3,0.653723
369,SIX3,0.32467526
370,SIX2,0.58738273
371,EPAS1,0.53793997
372,RHOQ,0.65763474
373,EPCAM,0.6951723
374,FOXN2,0.6940596
375,GTF2A1L,0.5537131
376,PSME4,0.63670194
377,RPS27A,0.41686898
378,EFEMP1,0.61966634
379,BCL11A,0.6568637
380,REL,0.68654305
381,COMMD1,0.69147426
382,OTX1,0.68876076
383,PELI1,0.6323834
384,SERTAD2,0.6287927
385,ACTR2,0.6021232
386,MEIS1,0.6735553
387,PPP3R1,0.65105987
388,BMP10,0.27334976
389,ANXA4,0.6226939
390,MXD1,0.65385336
391,PCBP1,0.62405276
392,TGFA,0.6671292
393,FIGLA,0.29537252
394,VAX2,0.63496315
395,EMX1,0.44646272
396,NOTO,0.10241827
397,EGR4,0.30007452
398,TET3,0.5882622
399,LBX2,0.5142351
400,PCGF1,0.69482994
401,TLX2,0.42295206
402,LOXL3,0.67756706
403,GCFC2,0.69142956
404,TCF7L1,0.671592
405,ATOH8,0.6637528
406,KDM3A,0.565945
407,SMYD1,0.4549449
408,FOXI3,0.38503075
409,EIF2AK3,0.6837137
410,ZNF514,0.68713975
411,ZNF2,0.69285315
412,KCNIP3,0.6936987
413,CIAO1,0.67546993
414,ARID5A,0.6684276
415,KANSL3,0.6208594
416,AFF3,0.6941061
417,NPAS2,0.64965826
418,RFX8,0.64761084
419,IL18R1,0.69563645
420,IL18RAP,0.61535776
421,POU3F3,0.6860043
422,TGFBRAP1,0.6513708
423,FHL2,0.6543019
424,NCK2,0.6479536
425,LIMS1,0.66708475
426,ZC3H8,0.68754107
427,ZC3H6,0.66127145
428,IL1A,0.60804355
429,IL1B,0.570806
430,PAX8,0.68767256
431,FOXD4L1,0.34880283
432,ACTR3,0.5917667
433,EN1,0.68657297
434,GLI2,0.6942848
435,TFCP2L1,0.5570322
436,ERCC3,0.64298767
437,MAP3K2,0.62648493
438,SAP130,0.66073257
439,ZNF806,0.1742247
440,CCNT2,0.6444357
441,ZEB2,0.65319073
442,ACVR2A,0.6431749
443,EPC2,0.6759142
444,NMI,0.69566
445,RIF1,0.63480675
446,NR4A2,0.68194145
447,ACVR1,0.6741793
448,BAZ2B,0.6631315
449,PSMD14,0.6681588
450,TBR1,0.15805161
451,CSRNP3,0.6887491
452,TTC21B,0.6819024
453,NOSTRIN,0.6946329
454,BBS5,0.68905836
455,SP5,0.6924973
456,HAT1,0.67617756
457,DLX1,0.6267822
458,DLX2,0.6326592
459,ITGA6,0.5982799
460,CDCA7,0.69371974
461,SP3,0.6268341
462,SP9,0.45594385
463,CIR1,0.65926874
464,ATF2,0.678523
465,EVX2,0.11246872
466,HOXD13,0.22406693
467,HOXD12,0.09813356
468,HOXD11,0.36782435
469,HOXD10,0.6665963
470,HOXD9,0.6952555
471,HOXD8,0.6920199
472,HOXD3,0.65981394
473,HOXD4,0.6623698
474,HOXD1,0.49156883
475,NFE2L2,0.5655808
476,NEUROD1,0.18287592
477,NUP35,0.69510436
478,WDR75,0.6616933
479,MSTN,0.60832345
480,NAB1,0.6264214
481,STAT1,0.6282882
482,STAT4,0.6718145
483,HSPD1,0.6021082
484,SATB2,0.6955275
485,NIF3L1,0.6884166
486,ORC2,0.67200303
487,CFLAR,0.5642634
488,TRAK2,0.66308427
489,CDK15,0.6589076
490,FZD7,0.6757293
491,SUMO1,0.6551139
492,NOP58,0.6551319
493,BMPR2,0.63151306
494,CARF,0.6888009
495,CD28,0.61080277
496,KLF7,0.6715064
497,CREB1,0.6611573
498,FZD5,0.69338125
499,ERBB4,0.6615372
500,IKZF2,0.6763248
501,XRCC5,0.54222465
502,SMARCAL1,0.68440205
503,TNP1,0.2917563
504,SLC11A1,0.69002527
505,CTDSP1,0.58187085
506,CNOT9,0.649272
507,ZNF142,0.67212874
508,RNF25,0.68091404
509,STK36,0.6816409
510,WNT6,0.68107444
511,FEV,0.16111748
512,IHH,0.35357532
513,PTPRN,0.4633559
514,PAX3,0.6821734
515,CUL3,0.63190466
516,PID1,0.6707615
517,TRIP12,0.5726993
518,SP110,0.69385886
519,SP140,0.6314763
520,SP140L,0.6947244
521,SP100,0.6499531
522,PSMD1,0.61725575
523,NCL,0.47756937
524,PTMA,0.41106796
525,MSL3P1,0.28039256
526,GBX2,0.19180562
527,LRRFIP1,0.6126778
528,HES6,0.6726457
529,PER2,0.6335609
530,TWIST2,0.67497176
531,HDAC4,0.66483074
532,MTERF4,0.6617933
533,ING5,0.6487971
534,BHLHE40,0.45948723
535,LMCD1,0.66756785
536,SETD5,0.56904405
537,BRPF1,0.662996
538,OGG1,0.6939682
539,CAMK1,0.6956659
540,TADA3,0.6496892
541,FANCD2,0.6947374
542,VHL,0.6744523
543,IRAK2,0.6933539
544,ATG7,0.6738774
545,VGLL4,0.65621084
546,PPARG,0.69585335
547,RAF1,0.58221453
548,CAND2,0.6900572
549,HDAC11,0.67498994
550,WNT7A,0.638327
551,XPC,0.6526282
552,NR2C2,0.63516563
553,EAF1,0.6781302
554,SATB1,0.6712218
555,KAT2B,0.6629837
556,NR1D2,0.6453548
557,THRB,0.67673975
558,RARB,0.67625934
559,EOMES,0.48736003
560,ZNF860,0.6522394
561,UBP1,0.6307259
562,LRRFIP2,0.6231171
563,MIR26A1,0.0060080816
564,MYD88,0.6573628
565,ACVR2B,0.69472116
566,CSRNP1,0.61137354
567,CX3CR1,0.62032825
568,ZNF619,0.6932973
569,ZNF620,0.65238786
570,ZNF621,0.6732177
571,CTNNB1,0.52590984
572,TRAK1,0.5892182
573,SS18L2,0.69512993
574,ZBTB47,0.66149765
575,HIGD1A,0.64182216
576,ZNF662,0.67288494
577,KRBOX1,0.63188
578,MIR138-1,0.0049034464
579,ZNF445,0.66654176
580,ZNF852,0.6758373
581,ZKSCAN7,0.6577025
582,ZNF660,0.6483368
583,ZNF197,0.69124925
584,ZNF35,0.6945737
585,ZNF502,0.6956537
586,ZNF501,0.6806616
587,LIMD1,0.67352694
588,LTF,0.69109535
589,SETD2,0.6050094
590,SMARCC1,0.5951482
591,ZNF589,0.6740248
592,TRAIP,0.6904192
593,SLC38A3,0.5859234
594,HYAL1,0.6679892
595,HYAL2,0.6617799
596,DCAF1,0.6526318
597,ABHD14B,0.6528913
598,TLR9,0.63892436
599,BAP1,0.5872511
600,GNL3,0.6342643
601,NEK4,0.69538504
602,SFMBT1,0.68892646
603,ACTR8,0.68713665
604,WNT5A,0.6961143
605,HESX1,0.6360622
606,ARF4,0.62588346
607,FEZF2,0.2455044
608,PSMD6,0.64417773
609,TMF1,0.6684078
610,UBA3,0.6633371
611,MITF,0.6758415
612,FOXP1,0.64973664
613,RYBP,0.65920085
614,ZNF717,0.69503266
615,VGLL3,0.6735476
616,POU1F1,0.16487439
617,CGGBP1,0.63963073
618,ZNF654,0.6799809
619,RIOX2,0.68465215
620,FAM172BP,0.10307439
621,ZBTB11,0.67325884
622,BBX,0.66677517
623,MORC1,0.113774806
624,ZBED2,0.6546121
625,TAGLN3,0.45010278
626,CD200,0.6952674
627,DRD3,0.09800146
628,ZNF80,0.33482572
629,ZBTB20,0.68460065
630,CD80,0.36629364
631,NR1I2,0.35779524
632,GSK3B,0.63352084
633,ARGFX,0.047696088
634,HCLS1,0.685187
635,GOLGB1,0.5622334
636,EAF2,0.5983977
637,CD86,0.65692383
638,PARP9,0.6821144
639,DTX3L,0.6840445
640,PARP15,0.64735484
641,PARP14,0.6677303
642,ZNF148,0.67155063
643,KLF15,0.6921252
644,ZXDC,0.66017467
645,RUVBL1,0.68296343
646,GATA2,0.68337214
647,CNBP,0.50223786
648,PLXND1,0.6362963
649,TF,0.68914753
650,NCK1,0.66215503
651,SOX14,0.12050272
652,FOXL2,0.4059714
653,ZBTB38,0.6552549
654,TFDP2,0.65706366
655,PLSCR1,0.68589777
656,ZIC4,0.6506148
657,ZIC1,0.6871186
658,HLTF,0.6945239
659,WWTR1,0.62958694
660,TSC22D2,0.6717883
661,SIAH2,0.65226483
662,MED12L,0.5934775
663,P2RY1,0.67625564
664,DHX36,0.65239286
665,C3orf33,0.66901636
666,CCNL1,0.586559
667,SHOX2,0.6952665
668,MLF1,0.69424564
669,MECOM,0.6955133
670,MYNN,0.6916419
671,SAMD7,0.10448167
672,PHC3,0.654724
673,PRKCI,0.6640961
674,SKIL,0.6758225
675,TBL1XR1,0.6101394
676,ZNF639,0.6884164
677,ACTL6A,0.6728471
678,USP13,0.69158715
679,SOX2,0.6295734
680,YEATS2,0.6636029
681,DVL3,0.5789276
682,PSMD2,0.5633284
683,MAP3K13,0.6819977
684,SENP2,0.6603091
685,ETV5,0.6850607
686,ADIPOQ,0.69138134
687,BCL6,0.48201102
688,TP63,0.51756793
689,IL1RAP,0.6759933
690,PYDC2,0.02473369
691,HES1,0.5666065
692,TFRC,0.6439174
693,UBXN7,0.6364191
694,RNF168,0.6584809
695,DLG1,0.63295656
696,ZNF595,0.6953585
697,ZNF718,0.69118065
698,ZNF876P,0.62925583
699,ZNF732,0.584059
700,ZNF141,0.6957626
701,ZNF721,0.6883678
702,PCGF3,0.5833768
703,DGKQ,0.65551573
704,CTBP1,0.6289554
705,NKX1-1,0.105722636
706,NSD2,0.65845436
707,NELFA,0.65051323
708,MXD4,0.621252
709,RNF4,0.6371731
710,TNIP2,0.67454785
711,ADD1,0.54236186
712,MSANTD1,0.61570257
713,LYAR,0.6958906
714,ZBTB49,0.6959013
715,MSX1,0.6944271
716,CYTL1,0.643649
717,WFS1,0.62575996
718,TADA2B,0.6634607
719,HMX1,0.28678396
720,ZNF518B,0.6937743
721,NKX3-2,0.44672683
722,CD38,0.5996453
723,LDB2,0.69042766
724,LCORL,0.6948397
725,PPARGC1A,0.6729771
726,RBPJ,0.5991219
727,KLF3,0.5630904
728,TLR6,0.67384356
729,RFC1,0.647712
730,RHOH,0.65709746
731,APBB2,0.6470512
732,PHOX2B,0.09449946
733,SLC30A9,0.6559369
734,NFXL1,0.69321257
735,TXK,0.67328876
736,GSX2,0.53944325
737,KIT,0.64416337
738,CLOCK,0.6730282
739,HOPX,0.37880766
740,REST,0.67079175
741,EPHA5,0.5554427
742,SYT14P1,0.37775233
743,PF4,0.2040461
744,EREG,0.67656654
745,G3BP2,0.63817286
746,NAAA,0.68293715
747,CXCL10,0.5201406
748,ANXA3,0.6951012
749,PRDM8,0.69417477
750,HNRNPD,0.55975807
751,LIN54,0.6927478
752,PLAC8,0.54620236
753,NKX6-1,0.34193772
754,MAPK10,0.67042375
755,SPP1,0.6312776
756,PKD2,0.6674935
757,SNCA,0.6960032
758,ATOH1,0.2768869
759,BMPR1B,0.6670053
760,EIF4E,0.68363935
761,PPP3CA,0.6421741
762,SLC39A8,0.68354154
763,NFKB1,0.6317484
764,UBE2D3,0.538842
765,TET2,0.63611615
766,LEF1,0.6941785
767,EGF,0.68177193
768,PITX2,0.6190792
769,NEUROG2,0.23525958
770,LARP7,0.67927444
771,CAMK2D,0.6474694
772,MYOZ2,0.5792439
773,PRDM5,0.6935812
774,TNIP3,0.21063946
775,EXOSC9,0.6843435
776,CCNA2,0.69273895
777,BBS7,0.6916953
778,IL2,0.18649888
779,FGF2,0.6959359
780,JADE1,0.658796
781,ELF2,0.65721726
782,NAA15,0.6652023
783,SETD7,0.61767554
784,MAML3,0.66358227
785,UCP1,0.13835832
786,SMARCA5,0.6474274
787,SMAD1,0.68912286
788,ZNF827,0.6917474
789,POU4F2,0.13419761
790,NR3C2,0.69277245
791,TLR2,0.69545466
792,SFRP2,0.6503284
793,PPID,0.68326545
794,FNIP2,0.65944266
795,HMGB2,0.6479542
796,SAP30,0.6948702
797,HAND2,0.69071513
798,WWC2,0.6887396
799,ING2,0.69597656
800,STOX2,0.6869304
801,IRF2,0.6703982
802,HELT,0.6219466
803,TLR3,0.6868518
804,ZFP42,0.1824788
805,TRIML2,0.20972286
806,TRIML1,0.12640549
807,DUX4,0.009855262
808,AHRR,0.69305557
809,BRD9,0.65557647
810,TRIP13,0.67343575
811,TERT,0.46551037
812,IRX4,0.67240745
813,IRX2,0.6534509
814,IRX1,0.6955489
815,ICE1,0.6658443
816,MED10,0.68436444
817,DAP,0.6263057
818,OTULIN,0.6405742
819,BASP1,0.67482215
820,PRDM9,0.07444419
821,SUB1,0.64401144
822,NIPBL,0.611764
823,GDNF,0.5926524
824,DAB2,0.64273703
825,PRKAA1,0.6390322
826,ZNF131,0.6720873
827,FGF10,0.6137603
828,ISL1,0.5666926
829,FST,0.67738134
830,MCIDAS,0.268569
831,IL31RA,0.6333298
832,MIER3,0.6857329
833,GPBP1,0.63609535
834,ERBIN,0.611368
835,PIK3R1,0.5844985
836,CDK7,0.6788239
837,TAF9,0.67778957
838,GTF2H2C,0.6572018
839,GTF2H2,0.65466917
840,BDP1,0.65327454
841,ZNF366,0.6640349
842,FOXD1,0.6287577
843,UTP15,0.6868715
844,HEXB,0.6457348
845,F2R,0.6291535
846,F2RL1,0.64456195
847,ZBED3,0.6959038
848,OTP,0.15656699
849,AP3B1,0.6544128
850,JMY,0.652845
851,SPZ1,0.11397482
852,DHFR,0.68973213
853,SSBP2,0.6577042
854,CCNH,0.6851158
855,MEF2C,0.69021934
856,POLR3G,0.6828517
857,NR2F1,0.685858
858,FAM172A,0.6880565
859,POU5F2,0.49665576
860,RGMB,0.67994493
861,CHD1,0.6543199
862,PAM,0.6054736
863,FER,0.6714682
864,CAMK4,0.6057262
865,FAM170A,0.2565269
866,PRDM6,0.65576625
867,ZNF608,0.6936174
868,HINT1,0.587272
869,FNIP1,0.6604995
870,CSF2,0.12839502
871,IRF1,0.69127613
872,IL5,0.1504726
873,IL4,0.30337346
874,TCF7,0.69548506
875,PPP2CA,0.5889547
876,UBE2B,0.63905835
877,PCBD2,0.69586897
878,PITX1,0.67368853
879,NEUROG1,0.15677875
880,SMAD5,0.6298501
881,WNT8A,0.16452093
882,BRD8,0.64835584
883,KDM3B,0.5955339
884,EGR1,0.52293926
885,CXXC5,0.66005033
886,PURA,0.6724465
887,SRA1,0.680805
888,APBB3,0.6710592
889,TAF7,0.6186888
890,HDAC3,0.63665384
891,RNF14,0.67187387
892,FGF1,0.6676284
893,NR3C1,0.62719333
894,POU4F3,0.3815835
895,TCERG1,0.62654996
896,ADRB2,0.6632481
897,ABLIM3,0.6765753
898,PPARGC1B,0.68507344
899,CDX1,0.51202005
900,CAMK2A,0.63430446
901,CD74,0.45140696
902,RPS14,0.3809412
903,ZNF300,0.6956252
904,GPX3,0.46227285
905,TNIP1,0.59461445
906,SAP30L,0.6620048
907,HAND1,0.18776654
908,HAVCR2,0.6807257
909,MED7,0.6951003
910,SOX30,0.36220536
911,EBF1,0.6777022
912,TENM2,0.6878938
913,WWC1,0.6463053
914,FOXI1,0.6817214
915,TLX3,0.15824379
916,NPM1,0.52514887
917,FBXW11,0.65291464
918,CREBRF,0.64556926
919,NKX2-5,0.37717322
920,MSX2,0.6944226
921,UIMC1,0.66861576
922,NSD1,0.61801744
923,MXD3,0.6946802
924,RGS14,0.6821961
925,PROP1,0.11963401
926,HNRNPAB,0.59999925
927,ZNF354A,0.696184
928,ZNF354B,0.693442
929,ZFP2,0.6728298
930,ZNF454,0.5876371
931,ZNF879,0.67627054
932,ZNF354C,0.6890685
933,MAML1,0.627531
934,SQSTM1,0.5886878
935,MAPK9,0.6771518
936,CNOT6,0.66249526
937,ZFP62,0.67641443
938,TRIM41,0.6571327
939,TRIM52,0.68155915
940,DUSP22,0.6329779
941,IRF4,0.69557667
942,FOXQ1,0.660643
943,FOXF2,0.6584286
944,FOXC1,0.67659944
945,RIPK1,0.64100945
946,CDYL,0.6597951
947,RREB1,0.60693246
948,BMP6,0.6951578
949,TFAP2A,0.58138776
950,MAK,0.5982285
951,GCM2,0.21144676
952,HIVEP1,0.66338754
953,EDN1,0.69070214
954,JARID2,0.64254946
955,ATXN1,0.65969706
956,KDM1B,0.6745259
957,DEK,0.62915415
958,ID4,0.5625217
959,E2F3,0.6958606
960,SOX4,0.6617405
961,PRL,0.4718013
962,HDGFL1,0.1495583
963,TDP2,0.67817014
964,GMNN,0.6886653
965,TRIM38,0.6682789
966,ABT1,0.6741825
967,ZNF322,0.69050217
968,ZNF391,0.6782889
969,ZNF184,0.6959072
970,ZNF165,0.6510406
971,ZSCAN16,0.68217
972,ZKSCAN8,0.6590467
973,ZSCAN9,0.69564
974,ZKSCAN4,0.6930937
975,ZSCAN26,0.6955648
976,PGBD1,0.68474716
977,ZSCAN31,0.6878112
978,ZKSCAN3,0.69589335
979,ZSCAN12,0.69432664
980,ZSCAN23,0.53384227
981,TRIM27,0.6627827
982,ZNF311,0.6662273
983,ZFP57,0.5392087
984,TRIM31,0.57949317
985,TRIM40,0.23727094
986,TRIM15,0.6262546
987,TRIM26,0.64683795
988,FLOT1,0.6314301
989,GTF2H4,0.68925387
990,TCF19,0.68422747
991,POU5F1,0.6745405
992,DDX39B,0.53985703
993,NFKBIL1,0.6848342
994,TNF,0.6248226
995,CSNK2B,0.5624318
996,HSPA1A,0.6510036
997,HSPA1B,0.6442585
998,EHMT2,0.64703614
999,ZBTB12,0.6605278
1000,NELFE,0.64483935
1001,ATF6B,0.6055971
1002,AGER,0.69486094
1003,PBX2,0.6426492
1004,NOTCH4,0.678544
1005,HLA-DRB1,0.60002834
1006,PSMB8,0.6567139
1007,PSMB9,0.69431967
1008,BRD2,0.52642614
1009,RXRB,0.64200556
1010,RING1,0.661444
1011,ZBTB22,0.6691115
1012,DAXX,0.64566624
1013,PHF1,0.6326179
1014,ZBTB9,0.0
1015,HMGA1,0.5754518
1016,SPDEF,0.6954701
1017,TAF11,0.6740488
1018,ZNF76,0.6700122
1019,PPARD,0.6249658
1020,TEAD3,0.59818035
1021,MAPK14,0.60604846
1022,ETV7,0.69289947
1023,CDKN1A,0.5237513
1024,PIM1,0.5519752
1025,RNF8,0.68478584
1026,GLO1,0.6136915
1027,NFYA,0.68290985
1028,FOXP4,0.6602058
1029,MDFI,0.691418
1030,TFEB,0.6769286
1031,MED20,0.6939335
1032,CCND3,0.63255507
1033,TRERF1,0.6769566
1034,UBR2,0.6304128
1035,SRF,0.6363849
1036,ZNF318,0.6573339
1037,VEGFA,0.614321
1038,NFKBIE,0.6941587
1039,CDC5L,0.6608494
1040,SUPT3H,0.6868222
1041,RUNX2,0.69504684
1042,ADGRF1,0.3960242
1043,TFAP2D,0.024370058
1044,TFAP2B,0.6889873
1045,PKHD1,0.63268155
1046,MIR133B,0.0063887388
1047,IL17A,0.03306096
1048,IL17F,0.04038797
1049,GCM1,0.26065606
1050,GCLC,0.6722142
1051,MLIP,0.69014066
1052,BMP5,0.5248488
1053,BEND6,0.61164814
1054,ZNF451,0.67125815
1055,MIR30C2,0.0036645585
1056,MYO6,0.61762977
1057,PHIP,0.63695025
1058,HMGN3,0.6817345
1059,RIPPLY2,0.18652163
1060,TBX18,0.6888182
1061,CGA,0.5155831
1062,ZNF292,0.6375079
1063,AKIRIN2,0.67626286
1064,CASP8AP2,0.68949276
1065,BACH2,0.6910093
1066,MAP3K7,0.6498701
1067,UFL1,0.665556
1068,FHL5,0.6944426
1069,POU3F2,0.3755451
1070,CCNC,0.67326266
1071,SIM1,0.66753286
1072,PRDM1,0.6726187
1073,BEND3,0.677838
1074,SCML4,0.5735127
1075,NR2E1,0.41968402
1076,FOXO3,0.58731544
1077,ZBTB24,0.68902993
1078,HDAC2,0.6365198
1079,FRK,0.694751
1080,RFX6,0.21233797
1081,VGLL2,0.49506152
1082,ASF1A,0.694824
1083,HSF2,0.68227917
1084,HEY2,0.6885706
1085,NCOA7,0.6784008
1086,PTPRK,0.6468198
1087,L3MBTL3,0.69588333
1088,MED23,0.6552381
1089,ENPP1,0.6954844
1090,TCF21,0.5021013
1091,SGK1,0.58354366
1092,MYB,0.6952187
1093,AHI1,0.68436015
1094,BCLAF1,0.5844457
1095,MAP3K5,0.67058784
1096,OLIG3,0.18355721
1097,TNFAIP3,0.61854845
1098,CITED2,0.59460896
1099,HIVEP2,0.6454315
1100,PLAGL1,0.60301566
1101,TAB2,0.62739503
1102,SUMO4,0.4984003
1103,PPIL4,0.68306583
1104,LATS1,0.6662784
1105,ZBTB2,0.693376
1106,ESR1,0.6902041
1107,FBXO5,0.68386513
1108,SCAF8,0.6312771
1109,ARID1B,0.5904065
1110,GTF2H5,0.6907866
1111,EZR,0.4847228
1112,SOD2,0.5235539
1113,FRMD1,0.5766632
1114,DACT2,0.69441247
1115,PHF10,0.62041354
1116,DLL1,0.6460821
1117,PSMB1,0.59461784
1118,TBP,0.6898072
1119,GPER1,0.6920648
1120,UNCX,0.115917854
1121,MAFK,0.6294032
1122,CARD11,0.62866116
1123,FOXK1,0.6383472
1124,RBAK,0.6850819
1125,ACTB,0.22635226
1126,FAM220A,0.68424624
1127,ZNF853,0.6957144
1128,ZNF316,0.6268805
1129,ZNF12,0.6675389
1130,PHF14,0.6787594
1131,ETV1,0.6934467
1132,MEOX2,0.6939916
1133,AHR,0.63162386
1134,HDAC9,0.6960095
1135,TWIST1,0.68595266
1136,FERD3L,0.11944912
1137,MACC1,0.6895125
1138,SP8,0.67647845
1139,SP4,0.69556934
1140,CDCA7L,0.68649143
1141,IL6,0.63512254
1142,NFE2L3,0.68079525
1143,HNRNPA2B1,0.46642277
1144,CBX3,0.6331822
1145,HOXA1,0.67036206
1146,HOXA2,0.6466049
1147,HOXA3,0.69594264
1148,HOXA4,0.6807618
1149,HOXA5,0.69546086
1150,HOXA6,0.6354843
1151,HOXA7,0.6818461
1152,HOXA9,0.6709208
1153,HOXA10,0.69428164
1154,HOXA11,0.66638
1155,HOXA13,0.6542858
1156,EVX1,0.24766287
1157,TAX1BP1,0.6146082
1158,JAZF1,0.6920826
1159,CREB5,0.69218683
1160,MTURN,0.6346884
1161,NOD1,0.68591523
1162,NEUROD6,0.110318854
1163,TBX20,0.10885013
1164,SFRP4,0.654612
1165,POU6F2,0.49632436
1166,CDK13,0.635165
1167,INHBA,0.69597536
1168,GLI3,0.6477492
1169,PSMA2,0.6432407
1170,AEBP1,0.52026016
1171,ZMIZ2,0.57363355
1172,PPIA,0.47807312
1173,PURB,0.63185185
1174,ADCY1,0.6805923
1175,IKZF1,0.6940286
1176,EGFR,0.48606423
1177,LANCL2,0.6851997
1178,ZNF713,0.66418076
1179,CHCHD2,0.5956138
1180,NUPR2,0.594429
1181,ZNF479,0.12037186
1182,ZNF716,0.13435563
1183,ZNF727,0.5642008
1184,ZNF735,0.035559192
1185,ZNF679,0.06787778
1186,ZNF736,0.6834664
1187,ZNF680,0.6950845
1188,ZNF107,0.6938774
1189,ZNF138,0.69544816
1190,ZNF273,0.61346495
1191,ZNF117,0.68192863
1192,ZNF92,0.68360084
1193,AUTS2,0.61736864
1194,BAZ1B,0.63579476
1195,MLXIPL,0.69574726
1196,GTF2IRD1,0.64725006
1197,GTF2I,0.6695392
1198,NCF1,0.573474
1199,GTF2IRD2,0.6945552
1200,GTF2IRD2B,0.69478375
1201,PMS2P3,0.69466144
1202,HSPB1,0.36908606
1203,ZP3,0.6872037
1204,CD36,0.6649074
1205,HGF,0.66839623
1206,DMTF1,0.6285083
1207,SRI,0.6699793
1208,CDK14,0.6954012
1209,FZD1,0.6485159
1210,MTERF1,0.693953
1211,GATAD1,0.6620308
1212,DLX6,0.67633456
1213,DLX5,0.6779911
1214,BHLHA15,0.5196319
1215,TRRAP,0.60640556
1216,BUD31,0.6871405
1217,ZNF789,0.6939913
1218,ZNF394,0.6818763
1219,ZKSCAN5,0.6939733
1220,ZNF655,0.6159975
1221,ZSCAN25,0.680505
1222,ZKSCAN1,0.5814343
1223,ZSCAN21,0.6894194
1224,ZNF3,0.6741086
1225,TAF6,0.67835313
1226,MEPCE,0.63883376
1227,TSC22D4,0.61672634
1228,SAP25,0.6946237
1229,TFR2,0.6788814
1230,ACTL6B,0.2577299
1231,EPO,0.5682939
1232,TRIP6,0.6237665
1233,SRRT,0.5829478
1234,TRIM56,0.62880635
1235,SERPINE1,0.67358774
1236,CUX1,0.6268502
1237,NFE4,0.30373386
1238,DNAJC2,0.67784727
1239,PSMC2,0.62944525
1240,RELN,0.69358057
1241,KMT2E,0.5851999
1242,NAMPT,0.62210184
1243,HBP1,0.62548685
1244,THAP5,0.69471353
1245,IFRD1,0.658794
1246,FOXP2,0.688431
1247,MDFIC,0.6825757
1248,TFEC,0.6398561
1249,CAV1,0.5608387
1250,MET,0.6787785
1251,WNT2,0.6533527
1252,AASS,0.6896586
1253,FEZF1,0.12194251
1254,WASL,0.6459989
1255,PAX4,0.12929249
1256,SND1,0.5936766
1257,LEP,0.6689759
1258,IRF5,0.6888543
1259,SMO,0.67189956
1260,NRF1,0.6821301
1261,KLF14,0.55330443
1262,STRA8,0.30712095
1263,MTPN,0.6222219
1264,CREB3L2,0.65420806
1265,TRIM24,0.67541397
1266,HIPK2,0.6703469
1267,KDM7A,0.6052522
1268,ARHGEF5,0.6407621
1269,NOBOX,0.14551601
1270,EZH2,0.6779589
1271,ZNF786,0.6947124
1272,ZNF425,0.68764496
1273,ZNF398,0.67684644
1274,ZNF282,0.6549807
1275,ZNF212,0.6809811
1276,ZNF783,0.67871225
1277,ZNF777,0.6755258
1278,ZNF746,0.6793808
1279,ZNF467,0.6926706
1280,ZNF862,0.6750755
1281,REPIN1,0.6372985
1282,ZNF775,0.690106
1283,CDK5,0.69568694
1284,GBX1,0.2019137
1285,SMARCD3,0.6809458
1286,KMT2C,0.5763203
1287,PAXIP1,0.68886083
1288,EN2,0.5337215
1289,SHH,0.44283894
1290,MNX1,0.44562146
1291,NCAPG2,0.6938719
1292,ZNF596,0.69288236
1293,MCPH1,0.68903095
1294,ZNF705G,0.13175987
1295,ZNF705B,0.018616287
1296,TNKS,0.63824666
1297,SOX7,0.6720518
1298,GATA4,0.33798876
1299,ZNF705D,0.040883422
1300,CNOT7,0.6595769
1301,HR,0.5340928
1302,SORBS3,0.5651276
1303,CCAR2,0.6102523
1304,EGR3,0.60129213
1305,TNFRSF10A,0.6956155
1306,LOXL2,0.6935742
1307,NKX3-1,0.62818426
1308,NKX2-6,0.073176675
1309,EBF2,0.69333315
1310,CLU,0.57150954
1311,ELP3,0.67691123
1312,ZNF395,0.60451955
1313,HMBOX1,0.6860376
1314,RBPMS,0.63137716
1315,PURG,0.4285323
1316,NRG1,0.69404405
1317,DUSP26,0.5153531
1318,ZNF703,0.604731
1319,BRF2,0.69440484
1320,NSD3,0.6263701
1321,TACC1,0.60106003
1322,SFRP1,0.5874452
1323,NKX6-3,0.1277904
1324,KAT6A,0.5992814
1325,IKBKB,0.61301637
1326,THAP1,0.6850803
1327,CEBPD,0.58298296
1328,PRKDC,0.58721375
1329,SNAI2,0.6462996
1330,ST18,0.43947366
1331,TCEA1,0.65038097
1332,SOX17,0.69546694
1333,PLAG1,0.69132173
1334,SDR16C5,0.62249476
1335,TOX,0.6562631
1336,CHD7,0.66358054
1337,BHLHE22,0.6397334
1338,MYBL1,0.6597716
1339,SGK3,0.6840414
1340,TCF24,0.12571296
1341,COPS5,0.67232543
1342,PRDM14,0.097492225
1343,NCOA2,0.641303
1344,MSC,0.67940253
1345,ELOC,0.6814056
1346,HNF4G,0.18978995
1347,ZFHX4,0.68959445
1348,PEX2,0.67842823
1349,PKIA,0.6966131
1350,HEY1,0.6947925
1351,ZBTB10,0.6922861
1352,ZNF704,0.6596161
1353,FABP4,0.6536371
1354,E2F5,0.6953154
1355,WWP1,0.63709927
1356,RIPK2,0.6858018
1357,NBN,0.6806061
1358,RUNX1T1,0.6937058
1359,TP53INP1,0.6469427
1360,GDF6,0.4384588
1361,MTERF3,0.69560003
1362,MTDH,0.6262216
1363,STK3,0.6848104
1364,OSR2,0.6752872
1365,POLR2K,0.68210685
1366,RNF19A,0.6133115
1367,YWHAZ,0.4295951
1368,ZNF706,0.59942997
1369,GRHL2,0.62366617
1370,KLF10,0.5985404
1371,FZD6,0.65494925
1372,DCAF13,0.6856058
1373,ZFPM2,0.69416404
1374,ABRA,0.42659232
1375,ENY2,0.6743854
1376,TRPS1,0.64780957
1377,RAD21,0.6026147
1378,MED30,0.69482934
1379,ENPP2,0.6750769
1380,ZHX2,0.67001975
1381,ZHX1,0.6574449
1382,ATAD2,0.6889012
1383,ZNF572,0.64442515
1384,TRIB1,0.6765806
1385,POU5F1B,0.6421885
1386,MYC,0.53797174
1387,ADCY8,0.68966985
1388,PHF20L1,0.6682485
1389,ZFAT,0.6954887
1390,TRAPPC9,0.67005676
1391,AGO2,0.6284753
1392,PTP4A3,0.6772094
1393,ZFP41,0.68723
1394,GLI4,0.6816154
1395,ZNF696,0.6952891
1396,MAFA,0.52939165
1397,ZNF623,0.67638135
1398,ZNF707,0.6905919
1399,PARP10,0.64774096
1400,MAF1,0.62730354
1401,SCX,0.6681945
1402,HSF1,0.61873174
1403,SCRT1,0.44439805
1404,FOXH1,0.4919197
1405,LRRC14,0.674203
1406,ZNF251,0.6808202
1407,ZNF34,0.6941485
1408,ZNF517,0.6912374
1409,ZNF7,0.6776099
1410,ZNF250,0.68666464
1411,ZNF16,0.6888352
1412,FOXD4,0.4508911
1413,DMRT1,0.10350538
1414,DMRT3,0.6198041
1415,DMRT2,0.59556335
1416,SMARCA2,0.5609726
1417,RFX3,0.69316316
1418,GLIS3,0.6853564
1419,JAK2,0.6547833
1420,IL33,0.6923918
1421,UHRF2,0.6437572
1422,KDM4C,0.6519296
1423,NFIB,0.5974238
1424,CER1,0.17990984
1425,PSIP1,0.66720474
1426,BNC2,0.6934609
1427,MLLT3,0.69443846
1428,IFNB1,0.094015434
1429,IFNA2,0.10875936
1430,CDKN2A,0.60372
1431,CDKN2B-AS1,0.42551556
1432,CDKN2B,0.6608742
1433,DMRTA1,0.61988425
1434,ELAVL2,0.5399269
1435,IFT74,0.6948354
1436,IFNK,0.1970158
1437,DDX58,0.6825485
1438,TOPORS,0.6860307
1439,TAF1L,0.28220657
1440,DNAJA1,0.6417964
1441,NFX1,0.6207392
1442,UBAP2,0.63767487
1443,ARID3C,0.54519576
1444,CA9,0.68031245
1445,CREB3,0.6768803
1446,SPAG8,0.6528092
1447,PAX5,0.29738432
1448,ZBTB5,0.6589378
1449,POLR1E,0.68168724
1450,FAM220BP,0.13774484
1451,ZNF658B,0.6354478
1452,FOXD4L6,0.14094651
1453,FOXD4L5,0.13176556
1454,FOXD4L4,0.22468513
1455,ZNF658,0.6956941
1456,FOXD4L3,0.121113636
1457,KLF9,0.5892024
1458,RORB,0.613188
1459,FOXB2,0.05022793
1460,TLE4,0.65959954
1461,TLE1,0.64764535
1462,HNRNPK,0.47675925
1463,SPIN1,0.6295954
1464,CKS2,0.6883417
1465,SEMA4D,0.641645
1466,SYK,0.668838
1467,NFIL3,0.6285282
1468,ROR2,0.6925137
1469,IPPK,0.6804394
1470,ZNF484,0.6861705
1471,PHF2,0.62852913
1472,BARX1,0.3091459
1473,ZNF169,0.69219166
1474,FBP1,0.68376875
1475,PTCH1,0.6783198
1476,ZNF367,0.6833446
1477,ZNF510,0.69484353
1478,ZNF782,0.6922829
1479,FOXE1,0.6167515
1480,TRIM14,0.681638
1481,TGFBR1,0.67874616
1482,NR4A3,0.6937972
1483,ZNF189,0.69481856
1484,RNF20,0.65687925
1485,TAL2,0.2733617
1486,ZNF462,0.68068033
1487,KLF4,0.41213188
1488,TXN,0.61505646
1489,ZNF483,0.6560498
1490,ZNF883,0.6218222
1491,ZFP37,0.6636083
1492,POLE3,0.644219
1493,ZNF618,0.6908976
1494,AKNA,0.67855644
1495,TNFSF8,0.5723106
1496,TRIM32,0.69383264
1497,TLR4,0.6948354
1498,CDK5RAP2,0.6386686
1499,PSMD5,0.66329694
1500,PHF19,0.6856438
1501,TRAF1,0.67721254
1502,DAB2IP,0.58794504
1503,LHX6,0.69387895
1504,ZBTB6,0.69532645
1505,ZBTB26,0.6957387
1506,LHX2,0.64652514
1507,NEK6,0.6948389
1508,PSMB7,0.6077834
1509,NR5A1,0.45401213
1510,NR6A1,0.6944296
1511,SCAI,0.69232696
1512,HSPA5,0.54093236
1513,PBX3,0.68020606
1514,LMX1B,0.6956952
1515,ZBTB43,0.6415255
1516,ZBTB34,0.6845286
1517,ZNF79,0.6924481
1518,CDK9,0.6294106
1519,ENG,0.6160012
1520,PTGES2,0.6662977
1521,SET,0.55273384
1522,PRRX2,0.68296087
1523,FUBP3,0.6449035
1524,PRDM12,0.27733874
1525,ABL1,0.5870778
1526,MED27,0.6870535
1527,SETX,0.6221359
1528,BARHL1,0.25922954
1529,GFI1B,0.46826002
1530,MED22,0.6656717
1531,REXO4,0.67449826
1532,BRD3,0.66486144
1533,RXRA,0.5182495
1534,SOHLH1,0.51969945
1535,NACC2,0.6793255
1536,LHX3,0.346142
1537,NOTCH1,0.5679031
1538,EDF1,0.5818759
1539,TRAF2,0.6849477
1540,ABCA2,0.6380746
1541,GRIN1,0.68079203
1542,NELFB,0.6167443
1543,NRARP,0.69000894
1544,EHMT1,0.6303104
1545,ZMYND11,0.63083315
1546,KLF6,0.44570124
1547,PRKCQ,0.5802034
1548,SFMBT2,0.6951244
1549,TAF3,0.6855223
1550,GATA3,0.5164078
1551,CAMK1D,0.61902636
1552,SUV39H2,0.6892916
1553,MLLT10,0.6395939
1554,BMI1,0.67732745
1555,PTF1A,0.15741612
1556,MKX,0.64878917
1557,WAC,0.57570654
1558,BAMBI,0.69468176
1559,ZNF438,0.6912082
1560,ZEB1,0.6694078
1561,EPC1,0.6633048
1562,CUL2,0.6738984
1563,CREM,0.69556373
1564,ZNF248,0.68873954
1565,ZNF25,0.69000185
1566,ZNF33A,0.6572067
1567,ZNF37A,0.68957925
1568,ZNF33B,0.67850155
1569,RET,0.664162
1570,HNRNPF,0.57319075
1571,ZNF487,0.6878777
1572,ZNF239,0.6395359
1573,ZNF485,0.6607066
1574,ZNF32,0.69002557
1575,ZNF22,0.6961598
1576,NCOA4,0.5742243
1577,GDF2,0.16200183
1578,ZNF488,0.6625191
1579,MAPK8,0.67368364
1580,DRGX,0.58636147
1581,ERCC6,0.6713181
1582,DKK1,0.6947993
1583,UBE2D1,0.69504315
1584,TFAM,0.68801636
1585,ARID5B,0.6090154
1586,RTKN2,0.6658711
1587,EGR2,0.6885522
1588,JMJD1C,0.6329151
1589,SIRT1,0.6778857
1590,ATOH7,0.4856974
1591,TET1,0.6761811
1592,CCAR1,0.6262553
1593,STOX1,0.6712734
1594,NEUROG3,0.123200506
1595,NODAL,0.6199625
1596,PCBD1,0.6887321
1597,ASCC1,0.6836733
1598,ECD,0.67161834
1599,PPP3CB,0.6550494
1600,MYOZ1,0.642973
1601,KAT6B,0.65455604
1602,ZNF503,0.6937031
1603,ZMIZ1,0.55478597
1604,DYDC1,0.1229554
1605,DYDC2,0.41179726
1606,BMPR1A,0.6708942
1607,ADIRF,0.3707013
1608,PTEN,0.614714
1609,ACTA2,0.56983155
1610,ANKRD1,0.6092544
1611,PCGF5,0.65501827
1612,BTAF1,0.5570356
1613,CPEB3,0.68408257
1614,HHEX,0.6918554
1615,HELLS,0.69530636
1616,PDLIM1,0.5858522
1617,ZNF518A,0.6767703
1618,LCOR,0.67632544
1619,MMS19,0.5962468
1620,ANKRD2,0.66110176
1621,SFRP5,0.665319
1622,NKX2-3,0.14338528
1623,CHUK,0.68372273
1624,HIF1AN,0.62559646
1625,PAX2,0.22771583
1626,TLX1,0.25059772
1627,LBX1,0.24365449
1628,BTRC,0.67164665
1629,LDB1,0.56473786
1630,PPRC1,0.6317926
1631,NOLC1,0.63332397
1632,PITX3,0.23456186
1633,NFKB2,0.65619665
1634,SUFU,0.6487829
1635,TRIM8,0.60906047
1636,PCGF6,0.6952132
1637,TAF5,0.6946816
1638,PDCD11,0.64173657
1639,SFR1,0.6762613
1640,MXI1,0.6123528
1641,PDCD4,0.5238578
1642,TCF7L2,0.6542355
1643,AFAP1L2,0.677496
1644,VAX1,0.15554307
1645,EMX2,0.6872426
1646,PRDX3,0.65952474
1647,TIAL1,0.62148124
1648,BAG3,0.6031792
1649,FGFR2,0.59544295
1650,TACC2,0.52562326
1651,IKZF5,0.66765386
1652,HMX3,0.1423062
1653,HMX2,0.10015495
1654,NKX1-2,0.5886141
1655,CTBP2,0.6683824
1656,EDRF1,0.68657625
1657,FANK1,0.68826723
1658,FOXI2,0.6191749
1659,EBF3,0.6953646
1660,TCERG1L,0.6181596
1661,NKX6-2,0.33102292
1662,UTF1,0.15513411
1663,VENTX,0.6703375
1664,ADAM8,0.69502926
1665,ZNF511,0.6954168
1666,PSMD13,0.6148405
1667,SIGIRR,0.6912808
1668,HRAS,0.6255485
1669,IRF7,0.68294656
1670,DEAF1,0.665237
1671,PIDD1,0.6499964
1672,POLR2L,0.64529616
1673,TNNI2,0.69214225
1674,IGF2,0.68449
1675,INS,0.28905576
1676,ASCL2,0.69508404
1677,CD81,0.46719694
1678,KCNQ1OT1,0.6950001
1679,CDKN1C,0.677938
1680,ZNF195,0.6945785
1681,NUP98,0.6061585
1682,RHOG,0.6576252
1683,TRIM21,0.6947743
1684,TRIM68,0.69447464
1685,TRIM6,0.67046726
1686,TRIM34,0.6956845
1687,TRIM5,0.69213164
1688,TRIM22,0.675048
1689,APBB1,0.6716028
1690,RRP8,0.6787256
1691,ILK,0.6237617
1692,TAF10,0.675716
1693,ZNF215,0.6122275
1694,ZNF214,0.567253
1695,LMO1,0.6878481
1696,ASCL3,0.16906615
1697,ZNF143,0.6897184
1698,RNF141,0.624608
1699,CTR9,0.6553655
1700,ZBED5,0.64475036
1701,USP47,0.60818845
1702,DKK3,0.62853676
1703,MICAL2,0.6667076
1704,TEAD1,0.62373024
1705,ARNTL,0.66469854
1706,PTH,0.055498995
1707,PSMA1,0.62908626
1708,CALCA,0.2270241
1709,SOX6,0.69235283
1710,MYOD1,0.16571108
1711,GTF2H1,0.6623077
1712,TSG101,0.63783246
1713,SPTY2D1,0.6800563
1714,CSRP3,0.4750513
1715,E2F8,0.68709224
1716,DBX1,0.16635734
1717,HTATIP2,0.6737848
1718,LGR4,0.64740336
1719,FSHB,0.11995282
1720,ELP4,0.6941462
1721,PAX6,0.5234118
1722,WT1,0.21538907
1723,LMO2,0.69412726
1724,CAT,0.59469277
1725,ELF5,0.6962888
1726,EHF,0.64919335
1727,TRIM44,0.6214432
1728,TRAF6,0.68630546
1729,ALX4,0.676034
1730,PRDM11,0.691783
1731,CRY2,0.5753701
1732,MAPK8IP1,0.6957017
1733,PHF21A,0.6595133
1734,CREB3L1,0.69622535
1735,ZNF408,0.68748754
1736,NR1H3,0.6892326
1737,SPI1,0.6952233
1738,PSMC3,0.60787207
1739,SMTNL1,0.55187833
1740,MED19,0.6925493
1741,BTBD18,0.50283957
1742,LPXN,0.69577926
1743,ZFP91,0.6080055
1744,MYRF,0.6742979
1745,FADS1,0.6927228
1746,SCGB1A1,0.23015127
1747,MTA2,0.59214884
1748,LBHD1,0.67535585
1749,ZBTB3,0.6926915
1750,TAF6L,0.6930352
1751,RCOR2,0.5990565
1752,ESRRA,0.6534335
1753,PRDX5,0.614153
1754,RPS6KA4,0.64701605
1755,SF1,0.5164549
1756,MEN1,0.65179116
1757,PPP2R5B,0.6682844
1758,BATF2,0.59247136
1759,ZFPL1,0.6697867
1760,DPF2,0.664754
1761,FAM89B,0.69425225
1762,RELA,0.58977085
1763,KAT5,0.67107
1764,OVOL1,0.65506285
1765,CCDC85B,0.6671654
1766,FOSL1,0.69292647
1767,DRAP1,0.6354436
1768,BRMS1,0.6593837
1769,NPAS4,0.5697105
1770,BBS1,0.6720944
1771,RBM14,0.6490829
1772,KDM2A,0.5411303
1773,AIP,0.6717531
1774,TBX10,0.18543907
1775,LRP5,0.6431813
1776,GAL,0.63448876
1777,TESMIN,0.6631418
1778,IGHMBP2,0.66893107
1779,CCND1,0.5751681
1780,FGF4,0.13348314
1781,FADD,0.68541354
1782,ZNF705E,0.6003132
1783,PHOX2A,0.16795069
1784,PDE2A,0.6630536
1785,ARRB1,0.6849
1786,RPS3,0.32863623
1787,WNT11,0.69603974
1788,EMSY,0.68040615
1789,RSF1,0.65571076
1790,CREBZF,0.6031793
1791,PICALM,0.56543374
1792,EED,0.688594
1793,FZD4,0.67991394
1794,TAF1D,0.64944035
1795,MED17,0.6720343
1796,ANKRD49,0.69329095
1797,MAML2,0.6597511
1798,PGR,0.69137007
1799,YAP1,0.58024883
1800,BIRC2,0.663526
1801,MMP12,0.2794102
1802,CARD16,0.67265755
1803,NPAT,0.68241316
1804,ATM,0.6602949
1805,POU2AF1,0.546862
1806,CRYAB,0.5745141
1807,IL18,0.62292093
1808,DRD2,0.64424324
1809,ZBTB16,0.66615504
1810,ZPR1,0.66311646
1811,KMT2A,0.59889776
1812,BCL9L,0.61436355
1813,FOXR1,0.22274591
1814,HINFP,0.67337924
1815,USP2,0.6788998
1816,TRIM29,0.2558501
1817,POU2F3,0.6025985
1818,BSX,0.04853853
1819,HSPA8,0.5324884
1820,ZNF202,0.68561435
1821,PKNOX2,0.69210774
1822,CHEK1,0.69250625
1823,CDON,0.6649102
1824,TIRAP,0.69210094
1825,ETS1,0.64297813
1826,FLI1,0.6918187
1827,BARX2,0.67488486
1828,PRDM10,0.6873321
1829,KDM5A,0.6121983
1830,ERC1,0.6350741
1831,FOXM1,0.6949437
1832,TULP3,0.65071505
1833,TEAD4,0.68807036
1834,FGF23,0.10835025
1835,TNFRSF1A,0.57168204
1836,NOP2,0.660188
1837,CHD4,0.53943014
1838,LPAR5,0.69150853
1839,ING4,0.6648272
1840,ZNF384,0.674189
1841,MLF2,0.5703546
1842,CD4,0.69067264
1843,ATN1,0.52608657
1844,PHB2,0.5668656
1845,APOBEC1,0.10607946
1846,NANOGNB,0.060423896
1847,NANOG,0.29892233
1848,NANOGP1,0.123248026
1849,FOXJ2,0.6301242
1850,ZNF705A,0.17367168
1851,AICDA,0.4231393
1852,PHC1,0.6944363
1853,GABARAPL1,0.61587685
1854,YBX3,0.4467985
1855,ETV6,0.60537636
1856,LRP6,0.6611463
1857,CREBL2,0.6504106
1858,CDKN1B,0.6187868
1859,ATF7IP,0.624913
1860,RERG,0.69140625
1861,STRAP,0.6203565
1862,AEBP2,0.653901
1863,SOX5,0.69269735
1864,KRAS,0.65947527
1865,BHLHE41,0.6914124
1866,MED21,0.6872418
1867,ARNTL2,0.682579
1868,CAPRIN2,0.66276526
1869,DDX11,0.67933583
1870,YAF2,0.6931354
1871,PPHLN1,0.6561627
1872,PRICKLE1,0.69567215
1873,DBX2,0.6232558
1874,ARID2,0.654771
1875,HDAC7,0.56781995
1876,VDR,0.63496166
1877,SENP1,0.68394446
1878,PFKM,0.6551249
1879,ZNF641,0.68841136
1880,CCNT1,0.6539905
1881,WNT10B,0.6835465
1882,WNT1,0.3190829
1883,KMT2D,0.5606513
1884,RHEBL1,0.6625831
1885,MCRS1,0.6606825
1886,TMBIM6,0.48151043
1887,SMARCD1,0.6444056
1888,ATF1,0.6925541
1889,CSRNP2,0.6711299
1890,TFCP2,0.6682721
1891,POU6F1,0.6673176
1892,CELA1,0.114235714
1893,ANKRD33,0.31837237
1894,ACVRL1,0.66508204
1895,ACVR1B,0.57749915
1896,NR4A1,0.5705221
1897,ZNF740,0.6675878
1898,RARG,0.5440021
1899,PFDN5,0.5460138
1900,SP7,0.4532031
1901,SP1,0.5737389
1902,PCBP2,0.4740692
1903,MAP3K12,0.68542993
1904,ATF7,0.6224179
1905,CALCOCO1,0.48785734
1906,HOXC13,0.6934902
1907,HOXC12,0.695286
1908,HOTAIR,0.6953792
1909,HOXC11,0.69525623
1910,HOXC10,0.6776095
1911,HOXC6,0.68757683
1912,HOXC9,0.69533724
1913,HOXC8,0.69126314
1914,HOXC5,0.6768348
1915,HOXC4,0.69581014
1916,CBX5,0.6187724
1917,NFE2,0.68883747
1918,NEUROD4,0.13237715
1919,IKZF4,0.6943006
1920,PA2G4,0.5793781
1921,SMARCC2,0.60658294
1922,RNF41,0.6690198
1923,IL23A,0.58700675
1924,STAT2,0.5841755
1925,TIMELESS,0.6925365
1926,BAZ2A,0.5591794
1927,ZBTB39,0.6948259
1928,NAB2,0.6379808
1929,STAT6,0.5150554
1930,GLI1,0.6781788
1931,DDIT3,0.6833844
1932,TSFM,0.6858989
1933,MIRLET7I,0.014656657
1934,TBK1,0.68229586
1935,HMGA2,0.5089212
1936,IRAK3,0.68891203
1937,GRIP1,0.6943991
1938,CAND1,0.60162646
1939,IFNG,0.2063393
1940,IL26,0.10628474
1941,NUP107,0.6702446
1942,MDM2,0.64775604
1943,YEATS4,0.6962629
1944,MYRFL,0.6469964
1945,CNOT2,0.61298555
1946,BBS10,0.69482464
1947,E2F7,0.65623736
1948,PAWR,0.63278174
1949,PPP1R12A,0.62892467
1950,MYF6,0.30642778
1951,MYF5,0.065117106
1952,ALX1,0.59427553
1953,CEP290,0.68992513
1954,LUM,0.64361304
1955,DCN,0.36950654
1956,BTG1,0.48372933
1957,UBE2N,0.64926773
1958,NR2C1,0.6784529
1959,ELK3,0.6743314
1960,CDK17,0.6691266
1961,TMPO,0.66529727
1962,NR1H4,0.13755621
1963,SPIC,0.13514555
1964,IGF1,0.65645754
1965,ASCL1,0.21850549
1966,TDG,0.6804826
1967,HCFC2,0.6828009
1968,NFYB,0.6768546
1969,RFX4,0.28044337
1970,MTERF2,0.6875941
1971,CRY1,0.685138
1972,PWP1,0.6545284
1973,PRDM4,0.6638702
1974,ASCL4,0.40480983
1975,CMKLR1,0.69303775
1976,FOXN4,0.5335941
1977,CUX2,0.5996096
1978,RPL6,0.42274886
1979,DTX1,0.69489205
1980,DDX54,0.6377438
1981,RITA1,0.69223326
1982,LHX5,0.2481257
1983,TBX5,0.64646786
1984,TBX3,0.6506948
1985,MED13L,0.56070757
1986,TESC,0.6949027
1987,NOS1,0.6899281
1988,SUDS3,0.63447386
1989,CIT,0.69282746
1990,GCN1,0.5837492
1991,PXN,0.60556275
1992,PLA2G1B,0.4410149
1993,TRIAP1,0.68361765
1994,RNF10,0.5625034
1995,HNF1A,0.33619583
1996,OASL,0.6242211
1997,CAMKK2,0.6448391
1998,KDM2B,0.63992685
1999,PSMD9,0.6617599
2000,BCL7A,0.6794357
2001,MLXIP,0.5972666
2002,CCDC62,0.6016221
2003,SBNO1,0.65237296
2004,KMT5A,0.63659316
2005,GTF2H3,0.6861223
2006,ZNF664,0.64463985
2007,NCOR2,0.5330261
2008,UBC,0.44050083
2009,ZNF605,0.6893877
2010,ZNF26,0.6785012
2011,ZNF84,0.67433614
2012,ZNF140,0.69365716
2013,ZNF891,0.6955398
2014,ZNF10,0.6942683
2015,ZNF268,0.6945813
2016,ANHX,0.10254031
2017,MPHOSPH8,0.63045543
2018,PSPC1,0.6762175
2019,ZMYM5,0.6909344
2020,SAP18,0.62328506
2021,CENPJ,0.69565165
2022,RNF6,0.67400837
2023,CDK8,0.69345576
2024,RASL11A,0.6947377
2025,GSX1,0.104807205
2026,PDX1,0.10954664
2027,CDX2,0.16961804
2028,FLT3,0.6349136
2029,HMGB1,0.5662007
2030,BRCA2,0.6823414
2031,N4BP2L2,0.6133697
2032,SOHLH2,0.3778099
2033,CCNA1,0.5213375
2034,RFXAP,0.6901323
2035,SMAD9,0.6954842
2036,SUPT20H,0.66559136
2037,FOXO1,0.6290061
2038,ELF1,0.6201438
2039,NAA16,0.6774509
2040,RGCC,0.6730066
2041,TNFSF11,0.35953763
2042,TSC22D1,0.57939935
2043,NUFIP1,0.69608945
2044,MED4,0.6745805
2045,RB1,0.68043965
2046,SETDB2,0.6835571
2047,TRIM13,0.6652491
2048,MIR16-1,0.0024238473
2049,MIR15A,0.0
2050,CKAP2,0.6872933
2051,TDRD3,0.6893269
2052,DACH1,0.6889788
2053,KLF5,0.47010127
2054,KLF12,0.6943687
2055,COMMD6,0.6626448
2056,LMO7,0.6240334
2057,ACOD1,0.11237669
2058,EDNRB,0.67686635
2059,POU4F1,0.50265896
2060,SOX21,0.67464405
2061,ZIC5,0.24073967
2062,ZIC2,0.52141726
2063,ING1,0.6926059
2064,SOX1,0.48331374
2065,PCID2,0.6539297
2066,TFDP1,0.64286
2067,GAS6,0.5361051
2068,TTC5,0.69200665
2069,APEX1,0.6106917
2070,ZNF219,0.62086844
2071,SUPT16H,0.5994332
2072,CHD8,0.59666395
2073,TOX4,0.6155334
2074,SALL2,0.6927181
2075,RBM23,0.639509
2076,PRMT5,0.6698184
2077,AJUBA,0.63370943
2078,PSMB5,0.6428777
2079,PSMB11,0.20244971
2080,CEBPE,0.28676614
2081,HOMEZ,0.69473535
2082,IL25,0.3939309
2083,ZFHX2,0.6522403
2084,NRL,0.6194477
2085,PSME1,0.6127147
2086,PSME2,0.65343004
2087,RNF31,0.6392218
2088,IRF9,0.6623858
2089,TSSK4,0.6670171
2090,NEDD8,0.62508255
2091,RIPK3,0.6927155
2092,NFATC4,0.6406036
2093,FOXG1,0.31274107
2094,PRKD1,0.69548774
2095,STRN3,0.67491186
2096,NPAS3,0.623751
2097,EGLN3,0.56698996
2098,EAPP,0.65814644
2099,SNX6,0.6603747
2100,BAZ1A,0.63667464
2101,PSMA6,0.6315914
2102,NFKBIA,0.5397396
2103,INSM2,0.31623396
2104,BRMS1L,0.69596183
2105,NKX2-1,0.28517926
2106,NKX2-8,0.34345388
2107,PAX9,0.6403249
2108,FOXA1,0.67075247
2109,SAV1,0.66343516
2110,PSMC6,0.64635265
2111,BMP4,0.68621606
2112,DLGAP5,0.66717225
2113,OTX2,0.12091899
2114,PSMA3,0.6709821
2115,ARID4A,0.6628284
2116,DACT1,0.69347
2117,PPM1A,0.62955517
2118,C14orf39,0.2491561
2119,SIX6,0.11796026
2120,SIX1,0.6063141
2121,SIX4,0.5855328
2122,MNAT1,0.696019
2123,PRKCH,0.64034086
2124,HIF1A,0.6096605
2125,ESR2,0.66758645
2126,ZBTB25,0.67961115
2127,ZBTB1,0.6599873
2128,CHURC1,0.65903866
2129,MAX,0.62696123
2130,ACTN1,0.5731717
2131,MED6,0.68345314
2132,DPF3,0.67095476
2133,PSEN1,0.6124786
2134,RIOX1,0.69423926
2135,ZNF410,0.6716394
2136,VSX2,0.3171613
2137,VRTN,0.27115163
2138,PROX2,0.6488085
2139,FOS,0.4566018
2140,JDP2,0.6709805
2141,BATF,0.6585155
2142,TGFB3,0.69459516
2143,ESRRB,0.48837727
2144,IRF2BPL,0.6309812
2145,CIPC,0.64931
2146,SNW1,0.6328491
2147,GTF2A1,0.6651321
2148,TTC8,0.693972
2149,FOXN3,0.57578695
2150,PSMC1,0.68616515
2151,NRDE2,0.6804596
2152,RPS6KA5,0.6862785
2153,TRIP11,0.6619658
2154,IFI27,0.6745812
2155,GSC,0.592989
2156,DICER1,0.6150516
2157,BCL11B,0.6360354
2158,SETD3,0.6419639
2159,CCNK,0.6953383
2160,YY1,0.60777307
2161,MIR154,0.0
2162,RCOR1,0.63653094
2163,TRAF3,0.6846656
2164,PPP1R13B,0.6313676
2165,AKT1,0.6319142
2166,ZBTB42,0.6954363
2167,CDCA4,0.6715479
2168,BRF1,0.6583558
2169,MTA1,0.652948
2170,MAGEL2,0.52325547
2171,NDN,0.6908444
2172,UBE3A,0.63269955
2173,KLF13,0.578768
2174,GREM1,0.69547176
2175,ZNF770,0.65977883
2176,NANOGP8,0.32374573
2177,MEIS2,0.6932718
2178,EIF2AK4,0.67118645
2179,PAK6,0.63078886
2180,BAHD1,0.6685676
2181,DNAJC17,0.690907
2182,DLL4,0.693317
2183,INO80,0.6451575
2184,CHP1,0.60349554
2185,RTF1,0.6195469
2186,MGA,0.66249883
2187,CAPN3,0.655903
2188,ZSCAN29,0.6884105
2189,TP53BP1,0.6655401
2190,ELL3,0.6839493
2191,MYEF2,0.6958047
2192,EID1,0.6387049
2193,COPS2,0.6503095
2194,FGF7,0.69114506
2195,GABPB1,0.6682451
2196,LEO1,0.6813851
2197,ONECUT1,0.22611603
2198,CCPG1,0.66809684
2199,PYGO1,0.6895556
2200,NEDD4,0.67852926
2201,RFX7,0.6538058
2202,ZNF280D,0.66428494
2203,TCF12,0.6377291
2204,SLTM,0.5928839
2205,RNF111,0.6621363
2206,GTF2A2,0.68520033
2207,FOXB1,0.202199
2208,ICE2,0.67815614
2209,RORA,0.47437957
2210,USP3,0.66606337
2211,TRIP4,0.67458683
2212,ZNF609,0.63711715
2213,DENND4A,0.68453926
2214,MAP2K1,0.67218393
2215,SMAD6,0.6957187
2216,SMAD3,0.6153846
2217,MAP2K5,0.6777417
2218,SKOR1,0.6716333
2219,PIAS1,0.6466264
2220,TLE3,0.5949679
2221,NR2E3,0.5387369
2222,BBS4,0.6878714
2223,PML,0.60697323
2224,ARID3B,0.6958976
2225,SIN3A,0.61650074
2226,ISL2,0.20572847
2227,HMG20A,0.6867911
2228,PSMA4,0.64375454
2229,MORF4L1,0.568391
2230,ARNT2,0.6934173
2231,BNC1,0.6790923
2232,ZSCAN2,0.6734
2233,SCAND2P,0.6955426
2234,PDE8A,0.6689159
2235,MESP1,0.6024665
2236,MESP2,0.540721
2237,ZNF710,0.6718266
2238,CIB1,0.67261106
2239,ZNF774,0.686735
2240,CRTC3,0.6313684
2241,BLM,0.658982
2242,SLCO3A1,0.6497074
2243,CHD2,0.5551402
2244,RGMA,0.67002875
2245,NR2F2,0.64209753
2246,MEF2A,0.60266674
2247,AXIN1,0.6483031
2248,SOX8,0.6920256
2249,UBE2I,0.63013947
2250,PKD1,0.55442613
2251,E4F1,0.65046036
2252,ELOB,0.6262253
2253,ZSCAN10,0.37446234
2254,ZNF205,0.68959767
2255,ZNF213,0.6765594
2256,ZNF263,0.6648219
2257,ZNF75A,0.6926859
2258,ZSCAN32,0.6055184
2259,ZNF174,0.69466597
2260,ZNF597,0.68868184
2261,NLRC3,0.6767731
2262,CREBBP,0.5710917
2263,TFAP4,0.68987536
2264,GLIS2,0.69269615
2265,DNAJA3,0.6563477
2266,ZNF500,0.68605614
2267,GLYR1,0.6099875
2268,USP7,0.56517214
2269,CIITA,0.68394226
2270,LITAF,0.59359884
2271,ERCC4,0.69553953
2272,PLA2G10,0.30342567
2273,CRYM,0.67382604
2274,PLK1,0.69379926
2275,ERN2,0.5983604
2276,CHP2,0.6035931
2277,PRKCB,0.69334877
2278,ZKSCAN2,0.6852769
2279,KDM8,0.6800096
2280,NUPR1,0.5673952
2281,NFATC2IP,0.64935195
2282,MAZ,0.692825
2283,PAGR1,0.686761
2284,TBX6,0.6881358
2285,MAPK3,0.6153052
2286,ZNF48,0.6956259
2287,ZNF771,0.6898404
2288,ZNF768,0.6579503
2289,ZNF747,0.687942
2290,ZNF764,0.69577444
2291,ZNF688,0.6937249
2292,ZNF785,0.6953896
2293,ZNF689,0.6958609
2294,SRCAP,0.57064813
2295,ZNF629,0.6609858
2296,FBXL19,0.6675861
2297,SETD1A,0.640783
2298,ZNF668,0.69251853
2299,ZNF646,0.66362077
2300,KAT8,0.6602249
2301,FUS,0.57585907
2302,PYCARD,0.67668134
2303,PYDC1,0.69439214
2304,TGFB1I1,0.664497
2305,ZNF720,0.6902311
2306,ZNF267,0.6951823
2307,ZNF423,0.6956561
2308,BRD7,0.63966274
2309,NOD2,0.6599251
2310,CYLD,0.6366616
2311,SALL1,0.58297014
2312,TOX3,0.6550833
2313,RBL2,0.626128
2314,IRX3,0.6264032
2315,IRX5,0.6793944
2316,IRX6,0.68627316
2317,BBS2,0.6264427
2318,MT3,0.60083663
2319,NLRC5,0.6327255
2320,ARL2BP,0.6571398
2321,CX3CL1,0.6430037
2322,ADGRG3,0.66979384
2323,ZNF319,0.693712
2324,SETD6,0.68177193
2325,CNOT1,0.5825859
2326,CBFB,0.66399556
2327,TRADD,0.6727062
2328,HSF4,0.66671157
2329,E2F4,0.64295334
2330,FHOD1,0.67219156
2331,CTCF,0.63772035
2332,PARD6A,0.6599855
2333,THAP11,0.6762812
2334,PSMB10,0.6913221
2335,NFATC3,0.6853826
2336,ZFP90,0.68576837
2337,CDH1,0.537379
2338,HAS3,0.69216913
2339,UTP4,0.6693081
2340,NFAT5,0.6110327
2341,WWP2,0.61785364
2342,MIR140,0.12108635
2343,ZNF23,0.69490004
2344,ZNF19,0.6841309
2345,ATXN1L,0.63220644
2346,ZNF821,0.69287276
2347,ZFHX3,0.67810386
2348,PSMD7,0.65729094
2349,ZFP1,0.6943005
2350,TERF2IP,0.63273615
2351,DUXB,0.33366653
2352,CPHXL,0.17835887
2353,WWOX,0.6951011
2354,MAF,0.54493195
2355,CDYL2,0.6933532
2356,ATMIN,0.63745743
2357,CDH13,0.6351583
2358,HSBP1,0.6566123
2359,IRF8,0.6916504
2360,FOXF1,0.61805606
2361,FOXC2,0.64453447
2362,FOXL1,0.6381432
2363,BANP,0.69091624
2364,ZFPM1,0.6951514
2365,SNAI3,0.5873719
2366,CDT1,0.69481003
2367,CBFA2T3,0.69548756
2368,ZNF778,0.6892844
2369,CHMP1A,0.60504305
2370,ZNF276,0.66219974
2371,FANCA,0.6923921
2372,TCF25,0.5969204
2373,MC1R,0.69535804
2374,PRDM7,0.17444806
2375,BHLHA9,0.12885758
2376,CRK,0.6429604
2377,INPP5K,0.6335387
2378,SERPINF2,0.6951905
2379,HIC1,0.69275326
2380,MNT,0.6683934
2381,MYBBP1A,0.6146726
2382,PELP1,0.63826054
2383,ARRB2,0.6854438
2384,MED11,0.69582325
2385,ZMYND15,0.6792543
2386,PSMB6,0.64045435
2387,CAMTA2,0.62249565
2388,ZFP3,0.6956065
2389,ZNF232,0.69573694
2390,ZNF594,0.6829393
2391,C1QBP,0.6505735
2392,DHX33,0.6761827
2393,MED31,0.6871843
2394,BCL6B,0.6955122
2395,DVL2,0.64113486
2396,GPS2,0.64363235
2397,ZBTB4,0.59251827
2398,POLR2A,0.5005446
2399,SOX15,0.67104286
2400,TP53,0.64160526
2401,KDM6B,0.62894106
2402,CHD3,0.5813219
2403,HES7,0.5856173
2404,PER1,0.42617682
2405,AURKB,0.68900436
2406,KRBA2,0.6815019
2407,ZNF18,0.6924441
2408,MYOCD,0.6946819
2409,TRIM16,0.63901305
2410,ZNF286A,0.6956097
2411,MEIS3P1,0.63284034
2412,NCOR1,0.60178006
2413,CENPV,0.6941647
2414,UBB,0.6234266
2415,ZNF287,0.6952719
2416,ZNF624,0.6906428
2417,FLCN,0.6460505
2418,MED9,0.6804003
2419,RASD1,0.6564863
2420,RAI1,0.6412814
2421,SREBF1,0.56804353
2422,ZNF286B,0.6661951
2423,FOXO3B,0.63621753
2424,MAPK7,0.65033
2425,USP22,0.6037045
2426,MAP2K3,0.6214109
2427,LGALS9,0.69371676
2428,NLK,0.6932364
2429,SEBOX,0.13976374
2430,FOXN1,0.6205635
2431,SUPT6H,0.55991197
2432,FLOT2,0.6271107
2433,PHF12,0.6405922
2434,CRLF3,0.689826
2435,SUZ12,0.6730583
2436,PSMD11,0.6087888
2437,CDK5R1,0.6942655
2438,TAF15,0.58737093
2439,ZNHIT3,0.680712
2440,LHX1,0.13979703
2441,AATF,0.6459065
2442,TADA2A,0.68374443
2443,HNF1B,0.2218813
2444,EPOP,0.69508386
2445,MLLT6,0.5641927
2446,PCGF2,0.6806203
2447,PSMB3,0.65402323
2448,RPL23,0.4286748
2449,MED1,0.6675865
2450,CDK12,0.6359384
2451,NEUROD2,0.59241205
2452,ERBB2,0.512801
2453,IKZF3,0.65721756
2454,PSMD3,0.586936
2455,CSF3,0.52738893
2456,MED24,0.6131861
2457,THRA,0.6055368
2458,NR1D1,0.46128684
2459,CDC6,0.6765258
2460,RARA,0.6627046
2461,TOP2A,0.69083893
2462,SMARCE1,0.6160013
2463,JUP,0.24298716
2464,KAT2A,0.59324145
2465,STAT5B,0.6094442
2466,STAT5A,0.647689
2467,STAT3,0.53321236
2468,MLX,0.66215396
2469,PSMC3IP,0.67704517
2470,EZH1,0.61334234
2471,PSME3,0.6174908
2472,BRCA1,0.69456804
2473,ETV4,0.69604576
2474,MEOX1,0.6948255
2475,SOST,0.41966712
2476,HDAC5,0.5586857
2477,ATXN7L3,0.6254911
2478,UBTF,0.5872151
2479,FZD2,0.62169623
2480,HEXIM1,0.6527613
2481,HEXIM2,0.6378489
2482,TBX21,0.49979848
2483,SP6,0.6656596
2484,SP2,0.6694131
2485,CDK5RAP3,0.60818666
2486,NFE2L1,0.51840556
2487,CBX1,0.6611332
2488,SKAP1,0.63139254
2489,HOXB1,0.5147763
2490,HOXB2,0.69522136
2491,HOXB3,0.69336504
2492,HOXB4,0.679188
2493,HOXB5,0.60087585
2494,HOXB6,0.5922457
2495,HOXB7,0.68152773
2496,HOXB8,0.5374987
2497,HOXB9,0.49130908
2498,HOXB13,0.5778009
2499,SNF8,0.679627
2500,ZNF652,0.6324536
2501,PHB,0.6592013
2502,NGFR,0.6690089
2503,KAT7,0.62600315
2504,DLX4,0.6913288
2505,DLX3,0.61606556
2506,COL1A1,0.43315685
2507,TOB1,0.55979437
2508,NME2,0.53509504
2509,MBTD1,0.64653885
2510,HLF,0.6391632
2511,NOG,0.5651913
2512,TRIM25,0.6262152
2513,VEZF1,0.663454
2514,SUPT4H1,0.66011095
2515,HSF5,0.3381022
2516,TRIM37,0.6896198
2517,MIR21,0.007539983
2518,PPM1D,0.6898798
2519,BCAS3,0.66874635
2520,TBX2,0.68767285
2521,TBX4,0.6163574
2522,BRIP1,0.68198895
2523,MED13,0.62829167
2524,PSMC5,0.58942133
2525,SMARCD2,0.574161
2526,DDX5,0.42838755
2527,SMURF2,0.67048436
2528,PSMD12,0.66070116
2529,NOL11,0.6676783
2530,BPTF,0.60946405
2531,WIPI1,0.6801423
2532,PRKAR1A,0.56629527
2533,SOX9,0.64848614
2534,NUP85,0.6515559
2535,RECQL5,0.6523637
2536,SAP30BP,0.6339825
2537,WBP2,0.55569226
2538,GALR2,0.5165969
2539,FOXJ1,0.6541703
2540,SPHK1,0.6804386
2541,JMJD6,0.67928094
2542,METTL23,0.6869938
2543,SRSF2,0.58687586
2544,BIRC5,0.6932728
2545,CBX2,0.69542545
2546,CBX8,0.6878126
2547,CBX4,0.65432936
2548,CARD14,0.6634496
2549,RPTOR,0.64905745
2550,MRPL12,0.67454225
2551,ALYREF,0.67125154
2552,SIRT7,0.6642591
2553,MAFG,0.6598844
2554,FOXK2,0.63220686
2555,ZNF750,0.51868933
2556,THOC1,0.6762092
2557,TYMS,0.6848331
2558,ADCYAP1,0.5669571
2559,METTL4,0.6957179
2560,SMCHD1,0.64351946
2561,LPIN2,0.6888798
2562,TGIF1,0.64920944
2563,ZBTB14,0.6914405
2564,L3MBTL4,0.68790495
2565,PTPN2,0.6801878
2566,ZNF519,0.6933434
2567,GATA6,0.6720965
2568,RBBP8,0.68365735
2569,IMPACT,0.6823704
2570,ZNF521,0.6881538
2571,SS18,0.609065
2572,PSMA8,0.13762803
2573,DHFRP1,0.22309713
2574,TAF4B,0.6922696
2575,KCTD1,0.6600624
2576,ASXL3,0.6390737
2577,ZNF397,0.6745791
2578,ZSCAN30,0.69143116
2579,ZNF24,0.64470047
2580,ZNF396,0.6600725
2581,RPRD1A,0.65075326
2582,ELP2,0.6285541
2583,RIT2,0.117277935
2584,PIAS2,0.67454433
2585,ELOA2,0.27957505
2586,SKOR2,0.13248612
2587,SMAD2,0.62022346
2588,ZBTB7C,0.6264641
2589,SMAD7,0.6744904
2590,MBD1,0.59755826
2591,CXXC1,0.619834
2592,SMAD4,0.62555814
2593,MBD2,0.6035199
2594,TCF4,0.6203311
2595,ONECUT2,0.39534596
2596,ATP8B1,0.6654008
2597,NEDD4L,0.6750921
2598,MALT1,0.6539643
2599,RAX,0.51400024
2600,TNFRSF11A,0.69580024
2601,BCL2,0.679896
2602,ZNF407,0.688466
2603,TSHZ1,0.6650369
2604,ZNF516,0.6421472
2605,ZNF236,0.68571126
2606,GALR1,0.5485973
2607,SALL3,0.4138772
2608,NFATC1,0.67354196
2609,CTDP1,0.641887
2610,HSBP1L1,0.6882698
2611,ADNP2,0.65500504
2612,MIER2,0.66551214
2613,FSTL3,0.6582086
2614,ELANE,0.6615807
2615,MED16,0.63367075
2616,ARID3A,0.6926938
2617,SBNO2,0.58208877
2618,MBD3,0.6281141
2619,TCF3,0.63707906
2620,ONECUT3,0.376893
2621,KLF16,0.6866596
2622,AP3D1,0.5889543
2623,DOT1L,0.6372474
2624,AMH,0.6034288
2625,ZNF554,0.69542754
2626,ZNF555,0.69183856
2627,ZNF556,0.36851367
2628,ZNF57,0.6854678
2629,ZNF77,0.69210494
2630,TLE6,0.6450372
2631,TLE2,0.65922666
2632,NFIC,0.546162
2633,CACTIN,0.67761844
2634,RAX2,0.17643596
2635,DAPK3,0.64070064
2636,PIAS4,0.67068315
2637,ZBTB7A,0.61474854
2638,MAP2K2,0.59900504
2639,CREB3L3,0.23308173
2640,SIRT6,0.69002324
2641,MPND,0.69551885
2642,MYDGF,0.66336215
2643,TICAM1,0.6666868
2644,UHRF1,0.67900854
2645,SAFB2,0.6355476
2646,SAFB,0.5909973
2647,RFX2,0.6809773
2648,MLLT1,0.60381055
2649,GTF2F1,0.63248116
2650,KHSRP,0.59389293
2651,ZNF557,0.6936224
2652,INSR,0.6310899
2653,ZNF358,0.6623778
2654,MAP2K7,0.63805753
2655,ZNF414,0.6874507
2656,ZNF558,0.67842066
2657,ZNF317,0.65864
2658,OR7D2,0.53399986
2659,ZNF699,0.6774773
2660,ZNF559,0.6943098
2661,ZNF177,0.53090256
2662,ZNF559-ZNF177,0.26777965
2663,ZNF266,0.6345943
2664,ZNF560,0.210668
2665,ZNF426,0.69330573
2666,ZNF121,0.65843594
2667,ZNF561,0.6678257
2668,ZNF562,0.68078244
2669,ZNF846,0.69600356
2670,PIN1,0.66698486
2671,DNMT1,0.6476724
2672,ICAM1,0.6849377
2673,ZGLP1,0.67785424
2674,KEAP1,0.63523656
2675,ILF3,0.512486
2676,DNM2,0.53402954
2677,CARM1,0.65802836
2678,SMARCA4,0.5810429
2679,KANK2,0.60372025
2680,ZNF653,0.69537044
2681,ELOF1,0.67304564
2682,ZNF627,0.6947318
2683,ZNF823,0.6954844
2684,ZNF441,0.6958826
2685,ZNF491,0.6519122
2686,ZNF440,0.67398196
2687,ZNF439,0.69488275
2688,ZNF69,0.65713286
2689,ZNF700,0.6658774
2690,ZNF763,0.6859276
2691,ZNF433,0.69489866
2692,ZNF878,0.5323743
2693,ZNF844,0.69209015
2694,ZNF20,0.6918302
2695,ZNF625,0.6242136
2696,ZNF136,0.69473505
2697,ZNF44,0.6853985
2698,ZNF563,0.69401544
2699,ZNF442,0.6757636
2700,ZNF799,0.68947035
2701,ZNF443,0.6847268
2702,ZNF709,0.68331677
2703,ZNF564,0.6952007
2704,ZNF490,0.69018245
2705,ZNF791,0.6656901
2706,JUNB,0.4758797
2707,PRDX2,0.60335517
2708,KLF1,0.2848587
2709,CALR,0.55692893
2710,DAND5,0.40614688
2711,NFIX,0.53739697
2712,LYL1,0.68334174
2713,NACC1,0.6632141
2714,IER2,0.5981104
2715,MIR27A,0.16611028
2716,MIR181D,0.037203126
2717,CC2D1A,0.6175365
2718,RFX1,0.6812137
2719,SAMD1,0.66185504
2720,PKN1,0.65746236
2721,DNAJB1,0.59029
2722,ZNF333,0.6845263
2723,NOTCH3,0.44873688
2724,BRD4,0.57097757
2725,AKAP8,0.64158213
2726,AKAP8L,0.62981504
2727,WIZ,0.6263802
2728,KLF2,0.6282927
2729,MED26,0.6909919
2730,NWD1,0.65511936
2731,SIN3B,0.60730886
2732,NR2F6,0.6645364
2733,PIK3R2,0.6391932
2734,JUND,0.5470774
2735,SSBP4,0.68138486
2736,ELL,0.6606408
2737,UBA52,0.47141254
2738,CRTC1,0.6805984
2739,MEF2B,0.6941025
2740,RFXANK,0.6821764
2741,GATAD2A,0.5907431
2742,NDUFA13,0.6303841
2743,PBX4,0.6868365
2744,ZNF101,0.69590163
2745,ZNF14,0.6941891
2746,ZNF506,0.6873417
2747,ZNF253,0.6874134
2748,ZNF93,0.6619603
2749,ZNF682,0.6946736
2750,ZNF90,0.6639585
2751,ZNF486,0.68195766
2752,ZNF826P,0.64752364
2753,ZNF737,0.67904663
2754,ZNF626,0.6914752
2755,ZNF66,0.63845205
2756,ZNF85,0.6758404
2757,ZNF430,0.6944504
2758,ZNF714,0.6948572
2759,ZNF431,0.66929907
2760,ZNF708,0.6875468
2761,ZNF738,0.688299
2762,ZNF493,0.695597
2763,ZNF429,0.6900769
2764,ZNF100,0.6929915
2765,ZNF43,0.6945854
2766,ZNF208,0.5669726
2767,ZNF257,0.61397344
2768,ZNF676,0.51857495
2769,ZNF729,0.105072804
2770,ZNF98,0.33509696
2771,ZNF492,0.51850873
2772,ZNF99,0.38483104
2773,ZNF728,0.29691875
2774,ZNF730,0.37879774
2775,ZNF724,0.58163756
2776,ZNF91,0.68750405
2777,ZNF675,0.6958656
2778,ZNF681,0.68016315
2779,ZNF726,0.6734086
2780,ZNF254,0.69584936
2781,CCNE1,0.69301194
2782,URI1,0.6391052
2783,ZNF536,0.6105271
2784,TSHZ3,0.69445693
2785,ZNF507,0.68243605
2786,CEBPA,0.63239145
2787,CEBPG,0.63853955
2788,UBA2,0.613652
2789,WTIP,0.67789567
2790,ZNF302,0.6851909
2791,ZNF181,0.69450593
2792,ZNF599,0.69516987
2793,ZNF30,0.6851814
2794,ZNF792,0.689728
2795,USF2,0.58933425
2796,HAMP,0.50918996
2797,ETV2,0.66377527
2798,ZBTB32,0.53159744
2799,KMT2B,0.57844484
2800,LIN37,0.694219
2801,OVOL3,0.41041327
2802,ZNF565,0.68341243
2803,ZNF146,0.64862835
2804,ZFP14,0.6950638
2805,ZFP82,0.6623309
2806,ZNF566,0.6951922
2807,ZNF260,0.6926975
2808,ZNF529,0.6846163
2809,ZNF382,0.65944296
2810,ZNF461,0.69400764
2811,ZNF567,0.69348526
2812,ZNF850,0.68408924
2813,ZNF790,0.6875663
2814,ZNF345,0.6948103
2815,ZNF829,0.68170077
2816,ZNF568,0.69463706
2817,ZNF420,0.6952649
2818,ZNF585A,0.69510293
2819,ZNF585B,0.694612
2820,ZNF383,0.69410455
2821,ZNF527,0.69032186
2822,ZNF569,0.68388826
2823,ZNF570,0.69138294
2824,ZNF793,0.69555193
2825,ZNF571,0.69306093
2826,ZNF540,0.6886073
2827,ZFP30,0.6958606
2828,ZNF607,0.69532394
2829,ZNF573,0.67530006
2830,DPF1,0.59285045
2831,PSMD8,0.5850976
2832,ACTN4,0.44703788
2833,SIRT2,0.6270295
2834,NFKBIB,0.67439693
2835,IFNL1,0.14472082
2836,PAF1,0.6501407
2837,MED29,0.65608627
2838,ZFP36,0.442307
2839,SUPT5H,0.57742596
2840,EID2B,0.6419169
2841,EID2,0.69579107
2842,LEUTX,0.09839382
2843,DYRK1B,0.6812022
2844,FBL,0.5837171
2845,PSMC4,0.643248
2846,ZNF546,0.6829988
2847,ZNF780B,0.69530165
2848,ZNF780A,0.69576955
2849,MAP3K10,0.68446225
2850,SERTAD1,0.6860319
2851,SERTAD3,0.684914
2852,EGLN2,0.66162515
2853,TGFB1,0.6430999
2854,DMRTC2,0.16150819
2855,ZNF574,0.67377245
2856,POU2F2,0.692827
2857,DEDD2,0.65675837
2858,ZNF526,0.6927266
2859,GSK3A,0.6256414
2860,ERF,0.6475691
2861,CIC,0.5715385
2862,ZNF575,0.67519
2863,ZNF576,0.69561803
2864,ZNF283,0.6932828
2865,ZNF404,0.66714054
2866,ZNF45,0.6951858
2867,ZNF221,0.6075856
2868,ZNF155,0.6793037
2869,ZNF230,0.69303507
2870,ZNF222,0.6676845
2871,ZNF223,0.6934669
2872,ZNF284,0.6963076
2873,ZNF224,0.6921536
2874,ZNF225,0.69164544
2875,ZNF234,0.6960526
2876,ZNF226,0.6910645
2877,ZNF227,0.6957141
2878,ZNF235,0.6876383
2879,ZNF233,0.61220753
2880,ZNF112,0.69138914
2881,ZNF285,0.6156117
2882,ZNF229,0.6586976
2883,ZNF180,0.6963143
2884,BCL3,0.6616059
2885,APOE,0.5565066
2886,RELB,0.68613964
2887,ZNF296,0.69516987
2888,PPP1R13L,0.5065992
2889,ERCC1,0.6415487
2890,FOSB,0.6495893
2891,SIX5,0.69574684
2892,FOXA3,0.35993746
2893,IRF2BP1,0.6771446
2894,MYPOP,0.69557035
2895,HIF3A,0.66845834
2896,PRKD2,0.5939242
2897,NPAS1,0.69591725
2898,ZC3H4,0.6544894
2899,MEIS3,0.69417024
2900,ZNF541,0.6442058
2901,TPRX1,0.13766831
2902,CRX,0.18667501
2903,CARD8,0.68175286
2904,ZNF114,0.5166157
2905,DBP,0.66857857
2906,MAMSTR,0.6685687
2907,RUVBL2,0.65488255
2908,CGB3,0.21032433
2909,TEAD2,0.69147664
2910,PIH1D1,0.6533301
2911,IRF3,0.63141453
2912,BCL2L12,0.6949674
2913,MED25,0.6589601
2914,PTOV1,0.66086
2915,NUP62,0.6501664
2916,ATF5,0.68583024
2917,ZNF473,0.6946215
2918,NR1H2,0.61606455
2919,SPIB,0.4463005
2920,ZNF175,0.6960673
2921,ZNF577,0.678122
2922,ZNF649,0.69616985
2923,ZNF613,0.69066995
2924,ZNF350,0.6954127
2925,ZNF615,0.695764
2926,ZNF614,0.69498
2927,ZNF432,0.6846274
2928,ZNF841,0.68425363
2929,ZNF616,0.69573396
2930,ZNF836,0.69579357
2931,PPP2R1A,0.5374339
2932,ZNF766,0.6853408
2933,ZNF480,0.69568336
2934,ZNF610,0.6347732
2935,ZNF880,0.69535697
2936,ZNF528,0.69109464
2937,ZNF534,0.47298098
2938,ZNF578,0.5949237
2939,ZNF808,0.695376
2940,ZNF701,0.69541687
2941,ZNF83,0.640504
2942,ZNF611,0.69494015
2943,ZNF600,0.6918331
2944,ZNF28,0.69590116
2945,ZNF468,0.6955875
2946,ZNF320,0.69282335
2947,ZNF888,0.6946485
2948,ZNF816,0.6903441
2949,ZNF160,0.6616029
2950,ZNF415,0.6888826
2951,ZNF347,0.69536483
2952,ZNF665,0.6764777
2953,ZNF677,0.6897935
2954,ZNF845,0.69537824
2955,ZNF525,0.6946267
2956,ZNF765,0.69405025
2957,ZNF761,0.6927216
2958,ZNF813,0.6881864
2959,ZNF331,0.67421824
2960,DPRX,0.29407862
2961,NLRP12,0.46939173
2962,CNOT3,0.6396271
2963,LILRB1,0.5746508
2964,LILRB4,0.60678995
2965,NLRP2,0.68639547
2966,IL11,0.6482432
2967,ZNF628,0.6912623
2968,NAT14,0.69412273
2969,FIZ1,0.68983054
2970,ZNF524,0.6788288
2971,ZNF865,0.6681178
2972,ZNF784,0.69603896
2973,ZNF580,0.67734
2974,ZNF581,0.6826858
2975,RFPL4A,0.08794746
2976,RFPL4AL1,0.020604776
2977,ZNF787,0.6810561
2978,ZNF444,0.683828
2979,ZSCAN5B,0.2936711
2980,ZSCAN5C,0.19266501
2981,ZSCAN5A,0.6930603
2982,ZSCAN5DP,0.30569547
2983,ZNF542P,0.69045967
2984,ZNF582,0.67109245
2985,ZNF583,0.65356076
2986,ZNF667,0.6931196
2987,ZNF471,0.6939277
2988,ZFP28,0.69539285
2989,ZNF470,0.69176096
2990,ZNF71,0.6958392
2991,ZNF835,0.60114175
2992,ZIM2,0.29073358
2993,PEG3,0.6950458
2994,ZIM3,0.17443325
2995,DUXA,0.16712344
2996,ZNF264,0.6682697
2997,ZNF805,0.67822236
2998,ZNF460,0.6805178
2999,ZNF543,0.6952123
3000,ZNF304,0.68863577
3001,ZNF547,0.6618391
3002,ZNF548,0.6844236
3003,ZNF17,0.6954571
3004,ZNF749,0.6939485
3005,ZNF772,0.6946095
3006,ZNF419,0.6954866
3007,ZNF773,0.6957626
3008,ZNF549,0.69594467
3009,ZNF550,0.6894849
3010,ZNF416,0.69547594
3011,ZIK1,0.6885245
3012,ZNF530,0.6931339
3013,ZNF134,0.6792092
3014,ZNF211,0.6864405
3015,ZSCAN4,0.60530543
3016,ZNF551,0.69577795
3017,ZNF154,0.6715414
3018,ZNF671,0.6832349
3019,ZNF776,0.687581
3020,ZNF586,0.6947859
3021,ZNF552,0.6936458
3022,ZNF587B,0.69316345
3023,ZNF814,0.6961555
3024,ZNF587,0.67873687
3025,ZNF417,0.69579905
3026,ZNF418,0.69577163
3027,ZNF256,0.69593996
3028,ZNF606,0.6934435
3029,ZSCAN1,0.44302788
3030,ZNF135,0.69536644
3031,ZSCAN18,0.6840622
3032,ZNF329,0.6946848
3033,ZNF274,0.6714847
3034,ZNF544,0.6850929
3035,ZNF8,0.68844754
3036,ZSCAN22,0.6954949
3037,ZNF497,0.6707672
3038,ZNF837,0.6915865
3039,ZNF584,0.6931107
3040,ZNF132,0.68487066
3041,ZNF324B,0.69444793
3042,ZNF324,0.692435
3043,ZNF446,0.6954828
3044,ZBTB45,0.6834514
3045,TRIM28,0.5428869
3046,MZF1,0.675211
3047,SOX12,0.6899517
3048,TRIB3,0.68134445
3049,RBCK1,0.62683666
3050,TCF15,0.50131047
3051,SCRT2,0.13859521
3052,PSMF1,0.6141706
3053,ZNF343,0.67976904
3054,EBF4,0.69419265
3055,DDRGK1,0.65003586
3056,MAVS,0.59730935
3057,PRNP,0.59483343
3058,PCNA,0.67109704
3059,BMP2,0.6842402
3060,PLCB1,0.6950913
3061,MKKS,0.6810779
3062,JAG1,0.5283636
3063,TASP1,0.6940732
3064,SNX5,0.6495296
3065,OVOL2,0.6947798
3066,ZNF133,0.6754971
3067,POLR3F,0.6953467
3068,INSM1,0.4933098
3069,NKX2-4,0.09736833
3070,NKX2-2,0.25184897
3071,PAX1,0.60968167
3072,FOXA2,0.139943
3073,GZF1,0.6872915
3074,VSX1,0.28021082
3075,ZNF337,0.68388754
3076,ID1,0.6682716
3077,FOXS1,0.6321731
3078,HCK,0.6925552
3079,PLAGL2,0.67238027
3080,POFUT1,0.6553172
3081,ASXL1,0.5978875
3082,COMMD7,0.6605724
3083,DNMT3B,0.6953806
3084,CBFA2T2,0.6453286
3085,E2F1,0.69591105
3086,ZNF341,0.6954146
3087,RALY,0.58773655
3088,ITCH,0.63671756
3089,NCOA6,0.6231651
3090,TP53INP2,0.6663675
3091,CPNE1,0.6064883
3092,PHF20,0.66091007
3093,SCAND1,0.66212213
3094,TGIF2,0.6910198
3095,SLA2,0.5767769
3096,RBL1,0.69561875
3097,SRC,0.65555584
3098,RPRD1B,0.6618871
3099,ACTR5,0.68811965
3100,MAFB,0.55768895
3101,ZHX3,0.6434702
3102,LPIN3,0.61024433
3103,CHD6,0.6266393
3104,PTPRT,0.6722686
3105,L3MBTL1,0.691283
3106,MYBL2,0.67962563
3107,TOX2,0.6928298
3108,HNF4A,0.4276919
3109,PKIG,0.6791899
3110,YWHAB,0.53569484
3111,PABPC1L,0.6856472
3112,STK4,0.6517241
3113,RBPJL,0.43355
3114,ZNF335,0.6358414
3115,NCOA5,0.65614986
3116,CD40,0.6887404
3117,ZNF840P,0.23216137
3118,ZNF334,0.67456144
3119,EYA2,0.69533086
3120,ZMYND8,0.62608874
3121,NCOA3,0.6245207
3122,ZNFX1,0.6356508
3123,PTGIS,0.6793495
3124,SNAI1,0.6866435
3125,UBE2V1,0.59740454
3126,CEBPB,0.59211254
3127,ADNP,0.6050704
3128,NFATC2,0.68699795
3129,SALL4,0.63444936
3130,ZFP64,0.68587756
3131,TSHZ2,0.6876698
3132,ZNF217,0.64551896
3133,SUMO1P1,0.0827343
3134,TFAP2C,0.61952657
3135,BMP7,0.6453556
3136,CTCFL,0.19689871
3137,PCK1,0.6588124
3138,NELFCD,0.6347199
3139,TAF4,0.6773553
3140,PSMA7,0.6177857
3141,SS18L1,0.65517956
3142,GATA5,0.49284458
3143,MIR1-1,0.0025113185
3144,MRGBP,0.69047904
3145,TCFL5,0.6895025
3146,BHLHE23,0.12718286
3147,HELZ2,0.67203707
3148,GMEB2,0.6760318
3149,ZGPAT,0.6666965
3150,LIME1,0.6941426
3151,SLC2A4RG,0.61993754
3152,ZBTB46,0.69561535
3153,PRPF6,0.5878965
3154,SOX18,0.6914989
3155,TCEA2,0.67559904
3156,MYT1,0.40299663
3157,ZNF355P,0.014525041
3158,NRIP1,0.6849099
3159,MIRLET7C,0.01837915
3160,GABPA,0.68002427
3161,APP,0.4405143
3162,USP16,0.6696695
3163,BACH1,0.627745
3164,SCAF4,0.6378136
3165,TCP10L,0.5789043
3166,PAXBP1,0.65618896
3167,OLIG2,0.3705904
3168,OLIG1,0.60883385
3169,RUNX1,0.6529039
3170,SIM2,0.6102617
3171,RIPPLY3,0.38592103
3172,DYRK1A,0.6139586
3173,ERG,0.69000524
3174,ETS2,0.46655434
3175,BRWD1,0.61582685
3176,HMGN1,0.6263966
3177,RIPK4,0.64861816
3178,PRDM15,0.68465835
3179,ZBTB21,0.6697007
3180,PKNOX1,0.689673
3181,SIK1,0.69132066
3182,RRP1B,0.66294324
3183,DNMT3L,0.14372039
3184,AIRE,0.5911359
3185,ITGB2,0.6903694
3186,PRMT2,0.63176656
3187,GSC2,0.30438903
3188,HIRA,0.6920842
3189,CDC45,0.66173905
3190,TBX1,0.6942203
3191,ZNF74,0.695313
3192,MED15,0.592675
3193,THAP7,0.6840126
3194,HIC2,0.6956404
3195,UBE2L3,0.63968897
3196,MAPK1,0.5834519
3197,PPM1F,0.6523125
3198,ZNF280B,0.55668974
3199,ZNF280A,0.20038828
3200,PRAME,0.48446378
3201,ZNF70,0.6916936
3202,CHCHD10,0.6916109
3203,SMARCB1,0.6442141
3204,ADORA2A,0.67914784
3205,LRP5L,0.6935748
3206,MN1,0.6952757
3207,CHEK2,0.6935793
3208,XBP1,0.61502653
3209,EWSR1,0.5555001
3210,GAS2L1,0.6274906
3211,RFPL1,0.06893828
3212,THOC5,0.67695355
3213,ASCC2,0.6299896
3214,LIF,0.6920216
3215,OSM,0.522728
3216,SEC14L2,0.692771
3217,MORC2,0.65986764
3218,PATZ1,0.68270975
3219,DRG1,0.6668269
3220,YWHAH,0.6199239
3221,RFPL2,0.30079338
3222,RFPL3,0.22440891
3223,ISX,0.3069038
3224,HMOX1,0.6222653
3225,RBFOX2,0.6037263
3226,TMPRSS6,0.68201596
3227,GALR3,0.2843645
3228,MAFF,0.6276028
3229,DDX17,0.39926928
3230,CBY1,0.69101745
3231,CBX6,0.6658059
3232,CBX7,0.636943
3233,PDGFB,0.680751
3234,TAB1,0.65809053
3235,ATF4,0.4978553
3236,RBX1,0.66542333
3237,EP300,0.58297163
3238,L3MBTL2,0.67396647
3239,TEF,0.62503695
3240,TOB2,0.61734647
3241,PHF5A,0.6865175
3242,CSDC2,0.68325484
3243,XRCC6,0.52804077
3244,SREBF2,0.5374739
3245,WBP2NL,0.6573871
3246,TCF20,0.6429975
3247,NFAM1,0.68322945
3248,PPARA,0.66465545
3249,ZBED4,0.68173516
3250,HDAC10,0.6488124
3251,MAPK11,0.6928483
3252,SHOX,0.60128975
3253,AKAP17A,0.607347
3254,ZBED1,0.6274245
3255,TBL1X,0.6669578
3256,WWC3,0.63125086
3257,MSL3,0.66738313
3258,TMSB4X,0.4415891
3259,TRAPPC2,0.6918558
3260,PIR,0.69552284
3261,TXLNG,0.68646044
3262,RBBP7,0.6213501
3263,SCML1,0.683446
3264,SCML2,0.6785494
3265,RPS6KA3,0.64302707
3266,MBTPS2,0.69285727
3267,YY2,0.593483
3268,ZFX,0.6775352
3269,SUPT20HL2,0.16320199
3270,SUPT20HL1,0.23361525
3271,POLA1,0.68859935
3272,ARX,0.29403186
3273,NR0B1,0.23927027
3274,TAB3,0.66131186
3275,BCOR,0.6540936
3276,MED14,0.6358575
3277,USP9X,0.59838337
3278,DDX3X,0.50930744
3279,NDP,0.5055196
3280,KRBOX4,0.69577557
3281,ZNF674,0.67991936
3282,RBM10,0.6370146
3283,CDK16,0.62478644
3284,USP11,0.65212315
3285,ZNF157,0.48065722
3286,ZNF41,0.6956706
3287,ELK1,0.67598605
3288,UXT,0.6659586
3289,ZNF81,0.6956616
3290,ZNF182,0.6950147
3291,ZNF630,0.6799034
3292,SSX5,0.120281
3293,SSX1,0.12120426
3294,SSX3,0.13854085
3295,SSX4,0.03709924
3296,SSX4B,0.060639836
3297,WAS,0.6871849
3298,SUV39H1,0.6955279
3299,GATA1,0.5405876
3300,HDAC6,0.6427276
3301,PQBP1,0.6518306
3302,PIM2,0.6959808
3303,TFE3,0.619274
3304,CCDC22,0.67988324
3305,FOXP3,0.67043376
3306,PAGE4,0.17877822
3307,BMP15,0.0323934
3308,MAGED1,0.63795567
3309,SSX7,0.021152817
3310,SSX2,0.054643717
3311,SSX2B,0.069777556
3312,KDM5C,0.5704995
3313,PHF8,0.6475823
3314,FOXR2,0.051996816
3315,KLF8,0.6262646
3316,SPIN3,0.6950655
3317,SPIN2B,0.66905445
3318,SPIN2A,0.52461916
3319,ZXDB,0.68961674
3320,NLRP2B,0.37488553
3321,ZXDA,0.6905475
3322,SPIN4,0.69118404
3323,EDA2R,0.6886243
3324,AR,0.6850465
3325,EDA,0.6924879
3326,IGBP1,0.63643014
3327,FOXO4,0.6652876
3328,MED12,0.63652605
3329,NONO,0.52902794
3330,TAF1,0.6390355
3331,OGT,0.49943173
3332,CITED1,0.4965561
3333,HDAC8,0.6951342
3334,DMRTC1B,0.14360859
3335,DMRTC1,0.10799704
3336,CDX4,0.5665904
3337,RLIM,0.647187
3338,ATRX,0.6309523
3339,TAF9B,0.68971914
3340,TBX22,0.44450843
3341,BRWD3,0.6601637
3342,HMGN5,0.68558055
3343,POU3F4,0.19992289
3344,HDX,0.65535635
3345,ZNF711,0.67297626
3346,DACH2,0.5154887
3347,TGIF2LX,0.029295601
3348,BTK,0.6913509
3349,ARMCX3,0.6776367
3350,BEX1,0.56254524
3351,TCEAL7,0.633904
3352,MORF4L2,0.5886697
3353,ESX1,0.09350424
3354,RIPPLY1,0.21065043
3355,TSC22D3,0.45905206
3356,MID2,0.6889242
3357,PSMD10,0.6766948
3358,AGTR2,0.09631243
3359,NKRF,0.6944424
3360,NKAP,0.69123006
3361,RHOXF2B,0.13501857
3362,RHOXF1,0.56696135
3363,RHOXF2,0.19745837
3364,ZBTB33,0.6691245
3365,ATP1B4,0.27569816
3366,TENM1,0.69339794
3367,ACTRT1,0.049473103
3368,SMARCA1,0.6808622
3369,APLN,0.6643787
3370,ELF4,0.6708287
3371,ZNF280C,0.6935971
3372,IGSF1,0.6219305
3373,RAP2C,0.66798365
3374,TFDP3,0.19127265
3375,PHF6,0.6867018
3376,MOSPD1,0.6910301
3377,ZNF75D,0.68865305
3378,ZNF449,0.69528824
3379,HTATSF1,0.6507461
3380,VGLL1,0.39857933
3381,CD40LG,0.5377225
3382,RBMX,0.58795977
3383,ZIC3,0.23280539
3384,SOX3,0.16111094
3385,MIR892B,0.0
3386,HSFX2,0.21783449
3387,HSFX1,0.3957598
3388,MAMLD1,0.69306046
3389,HMGB3,0.6910279
3390,PASD1,0.1551145
3391,MAGEA2B,0.041743394
3392,MAGEA2,0.068254136
3393,MAGEA1,0.14908586
3394,ZNF275,0.6948915
3395,ZFP92,0.63880587
3396,HCFC1,0.6348968
3397,IRAK1,0.6133219
3398,MECP2,0.63268536
3399,FLNA,0.36915395
3400,RPL10,0.295217
3401,LAGE3,0.6944833
3402,IKBKG,0.69527286
3403,CTAG1A,0.1208302
3404,CTAG1B,0.116206735
3405,CTAG2,0.16521788
3406,SHOX,0.0
3407,AKAP17A,0.0
3408,ZBED1,0.0
3409,SRY,0.557674
3410,ZFY,0.65320307
3411,TGIF2LY,0.024799936
3412,TBL1Y,0.50357974
3413,CDY2B,0.0012620536
3414,CDY2A,0.002519369
3415,HSFY1,0.005044295
3416,HSFY2,0.14430027
3417,KDM5D,0.6964577
3418,CDY1B,0.0011752635
3419,CDY1,0.0
