id,name,recon_1
15504,SPZ1,0.13395323
13179,ATOH1,0.1374208
52808,ISX,0.14311983
29931,MYOD1,0.15792966
54889,AGTR2,0.16350529
55558,CTAG2,0.16844888
50267,FOXA2,0.1686968
31189,FGF4,0.16885664
10395,MORC1,0.1721875
28793,NKX2-3,0.18302853
1556,DMRTB1,0.19131833
14318,TRIML1,0.19152455
31125,TBX10,0.19274522
34528,NR1H4,0.19289537
54485,POU3F4,0.19599278
29779,ASCL3,0.19714567
32713,NANOGP1,0.1991318
34654,ASCL4,0.20035768
27070,SOHLH1,0.20195271
16278,WNT8A,0.2035921
53581,SUPT20HL2,0.20385887
1457,DMRTA2,0.20408568
1854,LHX8,0.20435855
30813,SCGB1A1,0.20538655
43135,PRDM7,0.20539469
17488,HDGFL1,0.20559219
28845,TLX1,0.20589265
41840,PYDC1,0.20589891
53988,PAGE4,0.20616001
32728,ZNF705A,0.20619105
17817,TRIM15,0.20650439
813,NR0B2,0.20763509
3991,LHX9,0.21061087
35554,CDX2,0.21210556
23528,NKX6-3,0.21687266
6113,BMP10,0.2180828
14315,TRIML2,0.2181456
14403,TERT,0.2187715
55388,HSFX2,0.2200134
4110,MYOG,0.22266676
48846,DMRTC2,0.2239832
47095,SALL3,0.22443062
27552,PTF1A,0.22575594
37196,NKX2-8,0.2258499
28216,NEUROG3,0.22636946
16663,HAND1,0.22779243
9968,FEZF2,0.22874552
54965,ATP1B4,0.2293239
39641,ONECUT1,0.23348229
19218,VGLL2,0.23437384
26752,LHX2,0.23648015
16143,IL5,0.2388966
19065,NR2E1,0.23952122
40175,ISL2,0.24068816
51675,OLIG2,0.24258944
1303,KLF17,0.24305716
1030,HMGB4,0.2464963
9123,WNT7A,0.24946313
26943,PRDM12,0.25385442
6254,TLX2,0.25395826
49712,ZSCAN5B,0.25395983
46659,ELOA2,0.25541556
36186,POU4F1,0.25550118
44785,SOST,0.2582693
44980,HOXB1,0.25844
49716,ZSCAN5DP,0.25887978
45002,HOXB13,0.25996578
34961,HNF1A,0.26040477
39209,NANOGP8,0.26537868
55638,SRY,0.26549298
10191,POU1F1,0.2656201
25197,CER1,0.26586354
6460,FOXI3,0.2668822
31269,PHOX2A,0.26732185
44449,HNF1B,0.2676142
37192,NKX2-1,0.27312565
6192,EMX1,0.27441576
30123,WT1,0.27704066
25401,TAF1L,0.27740872
2503,NHLH2,0.27818507
15109,IL31RA,0.2784797
32706,NANOG,0.27926204
8492,FEV,0.279826
15093,MCIDAS,0.28036344
44519,NEUROD2,0.2807021
6202,EGR4,0.2818402
8775,MSL3P1,0.2827548
51020,CTCFL,0.28354415
7001,IL1A,0.28532985
48570,OVOL3,0.2854225
42796,DUXB,0.2857689
16147,IL4,0.28624007
47341,RAX2,0.28760773
29471,INS,0.28846756
30113,PAX6,0.28909963
20075,ACTB,0.2891677
7828,HOXD13,0.2892688
25854,FOXD4L5,0.28974444
47593,ZNF560,0.29196182
33710,HOXC12,0.2931667
13537,IL2,0.2937153
22690,MNX1,0.2937713
29294,NKX6-2,0.29383224
36384,ZIC5,0.29442683
48237,ZNF729,0.29634884
36299,SOX21,0.2970162
2727,TXNIP,0.29762936
50737,HNF4A,0.30062968
52768,RFPL2,0.30099246
4540,MIXL1,0.30320695
50228,INSM1,0.30495873
46437,DHFRP1,0.3068978
41034,ZSCAN10,0.30729273
47358,CREB3L3,0.30753198
12093,HMX1,0.30813292
18845,CGA,0.30912217
13407,NEUROG2,0.31027558
2074,SETSIP,0.31092355
5093,MYT1L,0.31800744
18799,RIPPLY2,0.3198651
34095,IFNG,0.32104424
26482,TAL2,0.32132548
4038,ASCL5,0.32171556
16908,NKX2-5,0.32188353
50771,RBPJL,0.32265761
28829,PAX2,0.32304308
2356,ALX3,0.32378522
7024,FOXD4L1,0.32594955
47792,KLF1,0.32660007
16519,POU4F3,0.32887983
1417,FOXE3,0.33013022
35771,TNFSF11,0.33036345
22675,SHH,0.33078232
24917,MAFA,0.3312312
54762,RIPPLY1,0.33233336
41302,PLA2G10,0.33318263
34634,RFX4,0.33319667
22985,GATA4,0.33327013
34578,ASCL1,0.33634385
46436,PSMA8,0.3372033
34370,DCN,0.34172732
36942,CEBPE,0.3421151
47590,ZNF559-ZNF177,0.34328744
51107,GATA5,0.34334892
15979,FAM170A,0.34383428
3649,TNFSF18,0.34398893
10921,FOXL2,0.34409702
47239,ONECUT3,0.34543043
37055,FOXG1,0.34612837
18965,POU3F2,0.34636343
29895,CALCA,0.34834298
10433,TAGLN3,0.34865075
8497,IHH,0.35030258
16617,GPX3,0.3521986
26369,FOXE1,0.35427618
8431,TNP1,0.35435712
55131,TFDP3,0.35605013
45689,GALR2,0.35624772
36956,IL25,0.35631424
51762,RIPPLY3,0.35888112
50333,VSX1,0.3603234
37829,VSX2,0.36445597
45694,FOXJ1,0.36591974
51677,OLIG1,0.36607096
29272,TCERG1L,0.3666139
4581,WNT3A,0.36675632
53594,ARX,0.3724556
50256,PAX1,0.37426928
20389,EVX1,0.37498933
55396,HSFX1,0.375256
33493,WNT1,0.37610516
2071,BRDT,0.37612173
12906,PF4,0.3781779
24973,SCRT1,0.38180774
13519,TNIP3,0.38207695
45224,HSF5,0.3829219
50833,ZNF840P,0.38353834
25859,FOXD4L4,0.38406658
6157,FIGLA,0.38512167
26761,NR5A1,0.385451
28876,PITX3,0.38545987
55531,RPL10,0.3860621
3523,MAEL,0.38798815
29765,LMO1,0.38815138
33689,SP7,0.39073882
53430,TMSB4X,0.39111137
7830,HOXD11,0.39423272
26985,GFI1B,0.39602873
11038,ZIC4,0.3990116
54461,TBX22,0.39947978
21535,BHLHA15,0.4000854
33709,HOXC13,0.40115386
29194,NKX1-2,0.40252882
55528,FLNA,0.40422937
10427,ZBED2,0.4044037
49037,FOXA3,0.4062666
53582,SUPT20HL1,0.4070177
15038,ISL1,0.40997475
32756,AICDA,0.4133851
17812,TRIM31,0.4146682
54172,NLRP2B,0.4157721
6009,OTX1,0.4158165
19215,RFX6,0.41635683
3801,ZNF648,0.4174917
3643,FASLG,0.4184022
10492,ZNF80,0.4189032
33601,ANKRD33,0.4189545
51207,MYT1,0.41898373
3236,ETV3L,0.42073193
24756,ADCY8,0.42163122
25535,CA9,0.4228441
24089,FABP4,0.42325225
7759,DLX2,0.42326608
21641,EPO,0.42460245
7758,DLX1,0.42520672
16602,CD74,0.42965287
36385,ZIC2,0.43206778
47803,DAND5,0.4324105
28475,DYDC2,0.43265074
41549,ERN2,0.43296626
5764,SIX3,0.43331635
49752,ZIM2,0.43511185
31375,RPS3,0.43538228
4952,ZNF695,0.43645135
20585,POU6F2,0.43727145
49489,DPRX,0.43772724
29986,CSRP3,0.43936303
23671,ST18,0.44001138
28172,ATOH7,0.4403931
21722,NFE4,0.44240072
25572,PAX5,0.4437385
53861,ZNF157,0.44599292
45423,DDX5,0.4462379
16710,SOX30,0.44670442
52395,PRAME,0.44721857
52934,DDX17,0.44817972
25488,ARID3C,0.4484373
34272,MYF6,0.44905287
34309,ALX1,0.44978553
30617,BTBD18,0.45007175
41553,CHP2,0.45139807
8514,PTPRN,0.4522464
5132,SOX11,0.45417348
33714,HOXC11,0.45853618
46809,ONECUT2,0.4585431
24498,ABRA,0.45905238
33711,HOTAIR,0.46000627
13717,UCP1,0.46007445
12193,NKX3-2,0.46044004
49798,ZSCAN4,0.46049985
1384,DMBX1,0.46582252
10547,NR1I2,0.46786353
993,ZBTB8B,0.46830022
37547,C14orf39,0.46870145
35097,UBC,0.4701668
5780,EPAS1,0.47092468
15667,POU5F2,0.47141856
29481,CD81,0.4719427
26269,BARX1,0.47202218
16603,RPS14,0.4726873
34691,FOXN4,0.47473624
7800,SP9,0.47514853
23275,CLU,0.47549096
5898,RPS27A,0.47589576
4223,IL10,0.47653502
789,ZNF683,0.4770771
5476,TCF23,0.4775442
21512,DLX6,0.47837034
47298,ZNF556,0.47951847
44489,RPL23,0.48040178
1129,POU3F1,0.48061085
20352,HNRNPA2B1,0.4810231
10538,CD80,0.48246232
51526,APP,0.48248908
48504,HAMP,0.48270592
24990,FOXH1,0.483653
48713,ZFP36,0.48482704
29988,E2F8,0.4851526
8701,PTMA,0.48632234
34138,MYRFL,0.48746347
31827,MMP12,0.48750296
34777,RPL6,0.48779732
18490,GCM1,0.48804453
12747,EPHA5,0.48890772
28540,ADIRF,0.49074
51924,AIRE,0.49097812
49665,IL11,0.49109876
47576,OR7D2,0.49131605
44072,FOXN1,0.49157313
53939,GATA1,0.49169675
53650,NR0B1,0.49191543
19800,SOD2,0.49203977
20654,AEBP1,0.49230966
48650,DPF1,0.49275997
34930,PLA2G1B,0.49414477
21332,CD36,0.49489424
11039,ZIC1,0.4951317
49291,SPIB,0.4954395
25027,FOXD4,0.4956374
48278,ZNF730,0.49659485
1642,JUN,0.49671155
1702,FOXD3,0.4976592
154,HES5,0.49795428
18456,PKHD1,0.49956653
3404,NR1I3,0.5000732
25317,CDKN2B-AS1,0.5004132
274,ENO1,0.50106484
3563,XCL1,0.5019516
45327,TBX4,0.50200504
54776,TSC22D3,0.5022833
33529,TMBIM6,0.50262415
45076,COL1A1,0.50336426
52981,ATF4,0.50699925
55692,TBL1Y,0.5070795
35665,SOHLH2,0.5091992
49432,ZNF534,0.5097817
21881,CAV1,0.51314366
2979,CRNN,0.5131728
19619,SUMO4,0.51340926
34869,NOS1,0.5143488
52876,TMPRSS6,0.51518506
27246,KLF6,0.5155157
28591,ACTA2,0.51630515
34236,E2F7,0.51682603
33693,PCBP2,0.51715785
22670,EN2,0.5174182
1790,DEPDC1,0.51849866
37893,ESRRB,0.51878595
48670,ACTN4,0.5189331
25332,ELAVL2,0.519173
8983,BHLHE40,0.51970965
54512,DACH2,0.52008945
43503,PER1,0.52052224
32665,ATN1,0.52053314
24393,YWHAZ,0.5216287
26096,HNRNPK,0.5225923
4913,HNRNPU,0.5233233
8688,NCL,0.52396315
34054,HMGA2,0.52522093
900,OPRD1,0.5258045
23393,DUSP26,0.5277566
24017,HNF4G,0.5286356
48075,UBA52,0.5293014
16870,NPM1,0.53036
32231,HSPA8,0.5314295
1050,SFPQ,0.53160983
54311,OGT,0.5317587
37449,DLGAP5,0.5324156
1246,YBX1,0.53275603
26782,HSPA5,0.5343872
3359,NHLH1,0.53597134
48257,ZNF492,0.5370334
11671,BCL6,0.5375318
28764,ANKRD2,0.5380099
47732,ZNF878,0.5384772
53767,DDX3X,0.5384807
1616,PLPP3,0.53923523
16597,CDX1,0.5394805
53298,SHOX,0.5398332
21268,HSPB1,0.54009473
37870,FOS,0.5404426
23480,TACC1,0.54053503
35800,TSC22D1,0.5407983
5518,FOSL2,0.54155827
17487,PRL,0.5422446
44691,STAT3,0.54284513
11518,SOX2,0.5430754
101,CCNL2,0.5435831
15368,FOXD1,0.54459685
10753,CNBP,0.5451241
55224,VGLL1,0.545392
13080,NKX6-1,0.54755497
37705,ACTN1,0.5488611
30941,SF1,0.54900676
32843,YBX3,0.5492533
14904,GDNF,0.5504058
11982,ADD1,0.5505769
48375,ZNF536,0.55124754
4526,LEFTY1,0.55209446
9480,CTNNB1,0.5521378
20385,HOXA13,0.552545
7002,IL1B,0.5525822
49819,ZSCAN1,0.55298
47895,NOTCH3,0.55350035
44966,NFE2L1,0.5538787
48263,ZNF99,0.5539612
20673,PPIA,0.5547756
48056,JUND,0.5550755
26830,ENG,0.5554058
43502,HES7,0.55579543
11896,ZNF732,0.55605394
264,RERE,0.5569304
34380,BTG1,0.55699617
52636,XBP1,0.557379
18401,ADGRF1,0.5581789
17916,DDX39B,0.55863166
40240,MORF4L1,0.5586793
17923,TNF,0.55893105
17769,ZFP57,0.55929697
31243,ZNF705E,0.55935013
52393,ZNF280B,0.5598732
23349,RBPMS,0.5599024
47660,ILF3,0.5599529
35598,HMGB1,0.5604786
25951,KLF9,0.5607661
47799,CALR,0.5609871
55229,CD40LG,0.5619351
31538,PICALM,0.5620817
16292,EGR1,0.56261706
33890,STAT6,0.56316274
18031,BRD2,0.56383365
47783,JUNB,0.5642918
54300,NONO,0.5643529
23623,CEBPD,0.5644925
49550,NLRP12,0.5645257
40018,NR2E3,0.5649959
33704,CALCOCO1,0.56528884
6827,POU3F3,0.5652889
45170,NOG,0.56530154
5541,ALK,0.56564677
47077,GALR1,0.5657899
33685,PFDN5,0.56625694
54167,SPIN2A,0.56631535
5285,MYCN,0.56646097
42307,MT3,0.5673597
48241,ZNF98,0.5674827
31958,CRYAB,0.5686008
45122,NME2,0.5687451
3481,LMX1A,0.56882644
8158,CFLAR,0.56891245
12949,CXCL10,0.5691259
28716,PDLIM1,0.5691441
15264,PIK3R1,0.5696113
4132,ZBED6,0.5696332
48272,ZNF728,0.56972516
4191,NUCKS1,0.57013226
48536,ZBTB32,0.5703624
4120,BTG2,0.5705572
45519,PRKAR1A,0.57082623
13274,UBE2D3,0.57089114
4256,CD34,0.5711661
53040,XRCC6,0.5713419
44475,MLLT6,0.5722828
33607,NR4A1,0.57228667
23362,PURG,0.57254666
31060,NPAS4,0.5725899
17183,FOXQ1,0.57284176
48283,ZNF724,0.57356423
20381,HOXA11,0.57385343
43458,POLR2A,0.57389706
618,HP1BP3,0.57415307
23182,SORBS3,0.57445854
19412,TCF21,0.5749393
35081,NCOR2,0.5751256
34922,PXN,0.5763801
45060,DLX4,0.5765076
18011,HLA-DRB1,0.576866
10771,PLXND1,0.5774179
50754,YWHAB,0.5778734
33853,IL23A,0.5779601
33364,DBX2,0.5783946
8406,XRCC5,0.579214
32614,TNFRSF1A,0.5797368
47680,KANK2,0.57994384
49416,PPP2R1A,0.58030343
16599,CAMK2A,0.58036035
5913,EFEMP1,0.580773
47981,NWD1,0.58079475
218,HES2,0.5810334
5186,YWHAQ,0.58117276
720,GRHL3,0.5812619
49145,ZNF114,0.5814561
16225,PITX1,0.58169585
31015,OVOL1,0.5817273
12917,EREG,0.581877
32827,GABARAPL1,0.5818946
17091,SQSTM1,0.5825271
16844,FOXI1,0.5827446
51789,ETS2,0.58327335
48984,APOE,0.58328533
49095,NPAS1,0.5834381
32382,ETS1,0.583802
1021,PHC2,0.5841319
40489,MESP2,0.58468
33421,HDAC7,0.584956
33743,NFE2,0.5850257
47589,ZNF177,0.5855021
47318,NFIC,0.58580875
21513,DLX5,0.5860969
18167,CDKN1A,0.5861143
17853,FLOT1,0.5866255
28627,ANKRD1,0.5866354
30165,CAT,0.587373
52209,CDC45,0.58762395
19052,SCML4,0.5878648
21636,TFR2,0.58786565
10585,GOLGB1,0.58786654
4127,ATP2B4,0.5880951
3117,SHC1,0.5885576
13037,HNRNPD,0.58861035
52651,EWSR1,0.58893675
30604,SMTNL1,0.58895963
7841,HOXD1,0.58921623
54956,RHOXF1,0.58930755
55238,RBMX,0.58932304
28239,NODAL,0.58948606
26945,ABL1,0.5896767
31562,FZD4,0.5904396
3298,AIM2,0.5908298
27951,ZNF488,0.59085
45677,WBP2,0.5910471
53969,FOXP3,0.59115976
11210,CCNL1,0.5912526
37165,NFKBIA,0.5913171
35024,CCDC62,0.5914777
40073,PML,0.5918625
18348,VEGFA,0.5920671
24721,MYC,0.5925827
34369,LUM,0.5929979
9288,EOMES,0.59339565
54720,MORF4L2,0.5934518
25189,NFIB,0.59353185
33868,BAZ2A,0.5936114
16618,TNIP1,0.59398913
40935,PKD1,0.59404355
42350,CX3CL1,0.5940859
43511,AURKB,0.594248
41834,FUS,0.59446394
21774,NAMPT,0.5949137
23515,SFRP1,0.5951107
33854,STAT2,0.5951768
26878,SET,0.5952221
20833,NUPR2,0.5954758
43068,SNAI3,0.59566575
31282,PDE2A,0.59614855
24590,ENPP2,0.5965191
8101,HSPD1,0.5965576
28424,ZMIZ1,0.596686
15795,PAM,0.596699
32635,CHD4,0.5967323
47267,AMH,0.5969143
2239,S1PR1,0.59704554
2594,NOTCH2,0.59721565
46780,TCF4,0.59723103
36562,GAS6,0.59737104
692,E2F2,0.59760016
43486,CHD3,0.5976035
44663,JUP,0.59780514
19912,DACT2,0.59832394
16566,ABLIM3,0.5985294
34840,MED13L,0.5988584
40628,NR2F2,0.5988735
51660,TCP10L,0.5988738
49867,TRIM28,0.59895796
8464,CTDSP1,0.5989914
45061,DLX3,0.59922373
34945,RNF10,0.59928495
25051,SMARCA2,0.5994448
50454,ASXL1,0.5995797
40581,CHD2,0.5999151
5352,GDF7,0.59994704
50942,SALL4,0.59997463
47804,NFIX,0.6002136
3224,HDGF,0.6003341
44678,KAT2A,0.60035646
35557,FLT3,0.6010212
27634,WAC,0.6010941
32673,PHB2,0.6011642
43751,SREBF1,0.6012958
3451,DDR2,0.60148233
48865,CIC,0.6015852
8642,TRIP12,0.6016814
27847,HNRNPF,0.6019555
41636,NUPR1,0.60229385
7763,ITGA6,0.6024397
24561,RAD21,0.6025572
31093,KDM2A,0.6026315
28570,PTEN,0.60285884
19453,BCLAF1,0.6030889
43456,ZBTB4,0.60309815
17998,NOTCH4,0.60314065
14931,DAB2,0.6034343
28113,ARID5B,0.6034575
25637,ZNF658B,0.6038372
29244,FOXI2,0.6038569
44685,STAT5B,0.604144
41060,ZSCAN32,0.60416377
35670,CCNA1,0.6044284
1192,ZFP69B,0.6044671
39544,EID1,0.60480917
20794,EGFR,0.60501385
53551,YY2,0.6050514
45730,SRSF2,0.60516906
26506,KLF4,0.6053745
479,SPEN,0.60610026
9027,SETD5,0.60617054
44086,SUPT6H,0.606629
11654,ADIPOQ,0.606921
19079,FOXO3,0.6071213
50089,JAG1,0.6072152
31531,CREBZF,0.60728353
3297,IFI16,0.60740083
1956,SAMD13,0.6079425
41476,CRYM,0.6079696
47983,SIN3B,0.60805047
31162,GAL,0.60829043
44992,HOXB9,0.6085004
34740,CUX2,0.608653
41793,SRCAP,0.60888696
47201,SBNO2,0.6089012
11577,DVL3,0.60917604
33498,RHEBL1,0.6093961
27921,NCOA4,0.60963356
43741,RASD1,0.60973746
6250,LBX2,0.6098339
44947,TBX21,0.6100616
28994,PDCD4,0.6102477
22110,KLF14,0.6106266
26696,DAB2IP,0.61070025
20832,CHCHD2,0.61092484
41239,LITAF,0.61123186
13905,SFRP2,0.61141044
143,SKI,0.61142445
19512,CITED2,0.61168844
6061,ACTR2,0.611818
20671,ZMIZ2,0.6120632
37199,PAX9,0.61239135
41074,CREBBP,0.6124592
47662,DNM2,0.6129064
32648,MLF2,0.6129338
47261,AP3D1,0.6129562
11113,MED12L,0.6130359
31804,YAP1,0.6130609
48717,SUPT5H,0.6131224
3884,TPR,0.6131772
31008,RELA,0.6132527
27032,RXRA,0.61327344
252,PARK7,0.61334664
8827,LRRFIP1,0.61336166
2931,POGZ,0.6133817
1079,THRAP3,0.6136107
3824,DHX9,0.61363006
21649,SRRT,0.61368316
22012,SND1,0.614156
209,CHD5,0.61417526
44961,CDK5RAP3,0.6142445
44718,EZH1,0.6143493
29474,ASCL2,0.6143549
6451,SMYD1,0.6144536
33841,SMARCC2,0.61474574
27121,EDF1,0.6148908
48659,PSMD8,0.6150164
13384,PITX2,0.6151619
33497,KMT2D,0.61531484
2930,PSMB4,0.6153918
51091,PSMA7,0.6154508
5205,RRM2,0.61588013
34999,MLXIP,0.616234
35076,ZNF664,0.61666524
28891,TRIM8,0.61682856
30895,RCOR2,0.61692405
37017,NFATC4,0.61730385
43123,TCF25,0.61730736
29707,ILK,0.617321
3604,PRRX1,0.6174007
47401,UHRF1,0.6174542
48503,USF2,0.61762834
47899,BRD4,0.6177162
11990,MSANTD1,0.6178129
18544,BEND6,0.61784947
52831,RBFOX2,0.6180376
34918,GCN1,0.6181894
52686,OSM,0.61819047
3031,S100A12,0.6182045
965,KHDRBS1,0.6182327
44690,STAT5A,0.6183034
11585,PSMD2,0.61835885
8018,MSTN,0.6184647
16110,HINT1,0.6185358
19952,PSMB1,0.61873233
48531,ETV2,0.6189104
44106,FLOT2,0.61906433
33690,SP1,0.61906606
50505,RALY,0.6191671
48455,UBA2,0.61918867
43945,USP22,0.61986625
9918,ARF4,0.62008804
11076,WWTR1,0.6202661
42204,SALL1,0.6203169
11916,PCGF3,0.62032604
49983,MAVS,0.62047994
47957,KLF2,0.620497
12325,RBPJ,0.6205737
3537,CREG1,0.6208146
3113,PBXIP1,0.6208543
49440,ZNF83,0.6208823
24301,GDF6,0.6213725
31158,LRP5,0.62146056
47857,PKN1,0.6215049
38161,DICER1,0.62163514
50723,MYBL2,0.6216755
53952,TFE3,0.62174046
45773,BIRC5,0.62183833
1511,ORC1,0.6219551
21752,KMT2E,0.6221822
54088,KDM5C,0.6222034
7045,ACTR3,0.6223128
53019,EP300,0.6223227
4735,IRF2BP2,0.62249184
53311,AKAP17A,0.62257695
13487,MYOZ2,0.62266123
9441,CSRNP1,0.6226816
7452,ZEB2,0.6228141
30187,TRIM44,0.62295836
37849,PROX2,0.62317276
22624,KMT2C,0.62330604
11968,MXD4,0.623463
7867,NFE2L2,0.62373155
52923,MAFF,0.6237814
53762,USP9X,0.6238997
5250,LPIN1,0.6239076
33491,WNT10B,0.6239123
49433,ZNF578,0.6239139
3204,MEF2D,0.6239542
23624,PRKDC,0.6240142
32111,KMT2A,0.6241012
21589,ZKSCAN1,0.6241078
20353,CBX3,0.62417287
35726,FOXO1,0.62422115
28647,BTAF1,0.62435
36989,PSME1,0.62436825
29467,IGF2,0.6248688
13699,SETD7,0.6249678
22204,CREB3L2,0.6251166
5484,UCN,0.6251465
9907,HESX1,0.625233
711,SRSF10,0.6252579
6668,ARID5A,0.6252671
39741,SLTM,0.6253143
114,SSU72,0.6254661
24969,SCX,0.62553895
27093,NOTCH1,0.62558675
41175,USP7,0.6258933
14820,SUB1,0.62590444
3472,PBX1,0.6259276
18069,PHF1,0.6259969
2086,GFI1,0.62616974
43687,UBB,0.62618655
43678,NCOR1,0.62619203
29854,TEAD1,0.62623173
805,ARID1A,0.6262338
9010,LMCD1,0.62625825
47451,KHSRP,0.62635297
12463,APBB2,0.6263574
9521,KRBOX1,0.6264079
26209,NFIL3,0.62641835
3227,NTRK1,0.62645286
50912,CEBPB,0.62682
24962,MAF1,0.6269084
17700,ZSCAN23,0.62701976
9106,RAF1,0.62709564
41741,MAPK3,0.62722075
29529,NUP98,0.6274837
50597,SLA2,0.62750894
37571,HIF1A,0.62751675
14944,PRKAA1,0.62754726
38878,MAGEL2,0.6277484
19418,SGK1,0.62779415
40356,BNC1,0.62782055
49999,PRNP,0.62814164
12046,WFS1,0.6284055
52254,MED15,0.628464
3053,ILF2,0.6285015
42395,CNOT1,0.6285616
44572,SMARCE1,0.62863296
54698,BEX1,0.62872094
9319,ZNF860,0.6288367
52755,YWHAH,0.6289109
34820,TBX3,0.62895966
1174,MYCL,0.6289701
45396,PSMC5,0.6290181
39938,SMAD3,0.6294572
48537,KMT2B,0.6295522
39120,KLF13,0.6297255
11443,TBL1XR1,0.6297748
17445,DEK,0.62978387
694,ID3,0.62992543
27198,ZMYND11,0.6299333
1359,GPBP1L1,0.6299795
28114,RTKN2,0.6299967
3152,ASH1L,0.63005024
19932,PHF10,0.63032234
6164,VAX2,0.63033193
32000,DRD2,0.6303703
50565,CPNE1,0.63040704
52324,MAPK1,0.63043123
47412,SAFB,0.6304338
20987,ZNF727,0.63066465
38138,IFI27,0.63069457
48365,CCNE1,0.6306979
38477,AKT1,0.6307172
36751,SUPT16H,0.6307329
20230,AHR,0.6307638
44372,TAF15,0.63078755
35629,N4BP2L2,0.6308192
32909,CDKN1B,0.6309346
27310,PRKCQ,0.6309649
18154,ETV7,0.6309807
22247,HIPK2,0.6310161
16289,KDM3B,0.6310907
48955,ZNF233,0.6312457
46761,MBD2,0.6312622
6669,KANSL3,0.6314093
17937,CSNK2B,0.6314529
26637,TNFSF8,0.631593
38042,FOXN3,0.63172406
53795,NDP,0.6317924
48745,FBL,0.6317963
30924,PRDX5,0.63186955
7787,SP3,0.63188595
28125,JMJD1C,0.6320992
9764,HYAL2,0.6321848
51197,PRPF6,0.6322075
29112,PRDX3,0.6323155
44813,UBTF,0.6324064
4384,ESRRG,0.63241756
16424,TAF7,0.63247275
36696,APEX1,0.63247764
5834,GTF2A1L,0.63249475
47438,MLLT1,0.6325034
44541,CSF3,0.63259304
6412,KDM3A,0.6326259
16483,NR3C1,0.63270795
17346,MAK,0.63275915
34079,CAND1,0.6328903
21375,DMTF1,0.63295305
38247,YY1,0.6329779
8209,BMPR2,0.6330814
20367,HOXA1,0.6330993
27147,GRIN1,0.6332004
50906,UBE2V1,0.6333503
21659,TRIM56,0.6333688
23544,IKBKB,0.63346374
29729,ZNF214,0.6334946
42245,RBL2,0.6338003
49900,PSMF1,0.63387316
181,TP73,0.633886
44545,THRA,0.63391334
16188,PPP2CA,0.63401777
9620,SETD2,0.63414323
20400,TAX1BP1,0.6342027
26974,SETX,0.6344639
3177,ARHGEF2,0.6345704
25415,DNAJA1,0.6346365
43805,FOXO3B,0.63471013
35371,MPHOSPH8,0.6347379
32975,STRAP,0.634738
24970,HSF1,0.63478607
12547,TXK,0.6348166
2921,PSMD4,0.6349001
34258,PPP1R12A,0.63491464
5786,RHOQ,0.63505876
55517,MECP2,0.6351183
1419,FOXD2,0.63525146
45397,SMARCD2,0.6353192
18279,CCND3,0.6353414
6140,PCBP1,0.63534844
10199,CGGBP1,0.63547534
19748,ARID1B,0.63549876
45330,BRIP1,0.6355638
53051,SREBF2,0.63558465
46741,SMAD4,0.6356383
23465,NSD3,0.6358088
33831,PA2G4,0.6358419
30299,CRY2,0.63591665
9752,SLC38A3,0.6359245
54295,MED12,0.6359319
51774,DYRK1A,0.63599336
45114,TOB1,0.63618636
50929,ADNP,0.63624346
20431,MTURN,0.6362438
44804,HDAC5,0.63625324
29120,TIAL1,0.6363633
49286,NR1H2,0.63647306
44539,PSMD3,0.6364934
35413,SAP18,0.63676685
47862,DNAJB1,0.6369738
36174,EDNRB,0.6369794
2895,ARNT,0.6369993
26163,SPIN1,0.6372461
28772,SFRP5,0.63724846
30655,ZFP91,0.6372523
48175,ZNF66,0.6372569
18721,MYO6,0.6372605
22185,MTPN,0.63744813
4140,SOX13,0.63747716
8031,STAT1,0.63752407
50173,OVOL2,0.6375833
47356,MAP2K2,0.63772
15389,HEXB,0.6377596
9829,BAP1,0.63796616
1233,FOXJ3,0.6380016
24317,MTDH,0.63810134
5406,NCOA1,0.6381237
67,AGRN,0.63813233
51719,RUNX1,0.6381543
24719,POU5F1B,0.63831884
47488,INSR,0.6384328
44546,NR1D1,0.63845974
5276,DDX1,0.6385434
23535,KAT6A,0.63861465
47673,SMARCA4,0.63867134
24435,KLF10,0.63875455
36985,NRL,0.63883644
41118,GLYR1,0.6389354
29842,USP47,0.63908833
11744,HES1,0.63911974
3130,EFNA1,0.63915265
55515,IRAK1,0.6394155
48936,ZNF221,0.6394254
4690,EGLN1,0.639436
46726,MBD1,0.63946587
43186,CRK,0.6395762
17985,ATF6B,0.6395983
47169,FSTL3,0.6396948
4155,MDM4,0.639776
1640,MYSM1,0.63979924
45493,BPTF,0.639843
44542,MED24,0.6398948
23738,SDR16C5,0.6399392
49888,RBCK1,0.6400268
51802,BRWD1,0.6401199
35736,ELF1,0.64023006
40522,CRTC3,0.6402699
42794,TERF2IP,0.6403303
12236,LDB2,0.6403356
29490,CDKN1C,0.6405481
30821,MTA2,0.64058274
26828,CDK9,0.64058465
32189,POU2F3,0.6405913
10606,PARP14,0.64061517
14581,DAP,0.6406204
34471,ELK3,0.64073926
46674,SMAD2,0.64075685
14888,NIPBL,0.64088553
11939,CTBP1,0.64116406
5262,TRIB2,0.6411813
3652,TNFSF4,0.64118487
49061,HIF3A,0.64119065
42855,MAF,0.64125556
53490,RBBP7,0.64133304
29361,PSMD13,0.64135665
15862,CAMK4,0.64138
44526,ERBB2,0.6414546
18315,SRF,0.6415029
50891,PTGIS,0.64153796
4366,PTPN14,0.64164793
21181,BAZ1B,0.64171475
49081,PRKD2,0.64174443
29728,ZNF215,0.641748
826,WDTC1,0.641754
19781,EZR,0.6417566
53033,TOB2,0.64176303
37910,IRF2BPL,0.64177877
53251,HDAC10,0.64206415
31185,CCND1,0.64215946
51808,HMGN1,0.6423088
52028,PRMT2,0.64233106
18740,PHIP,0.6423468
33603,ACVRL1,0.64252496
27682,ZEB1,0.6426399
28190,CCAR1,0.64269644
1664,NFIA,0.6428506
19618,TAB2,0.642856
18515,MLIP,0.6429748
26265,PHF2,0.642981
13749,SMARCA5,0.6430457
9354,UBP1,0.64308375
15141,GPBP1,0.6431482
29889,PSMA1,0.6432149
54434,ATRX,0.64322627
30350,PSMC3,0.64323235
8656,SP100,0.64323944
34071,GRIP1,0.6433426
46434,SS18,0.6433909
47741,ZNF625,0.6435844
23298,ZNF395,0.6440147
5180,ITGB1BP1,0.64404666
4338,ATF3,0.6440586
4609,RNF187,0.6440867
53856,CDK16,0.64408743
12938,G3BP2,0.6442444
32887,ETV6,0.6443194
39344,CHP1,0.6443379
8653,SP140,0.64434546
9446,CX3CR1,0.6445058
50693,CHD6,0.64457643
96,DVL1,0.64457947
50170,SNX5,0.6445912
9840,GNL3,0.64465624
4544,PARP1,0.64471626
13060,PLAC8,0.6448799
9098,PPARG,0.64489335
61,PERM1,0.6448981
47784,PRDX2,0.6449819
1775,GADD45A,0.6449832
53940,HDAC6,0.64498836
24373,RNF19A,0.64514023
41853,TGFB1I1,0.6451653
9635,SMARCC1,0.64518994
54026,MAGED1,0.6452341
19560,PLAGL1,0.6452549
16522,TCERG1,0.64528924
17043,HNRNPAB,0.6453551
6361,TCF7L1,0.6454051
37162,PSMA6,0.6454743
46045,SMCHD1,0.64549917
34973,CAMKK2,0.6455026
40690,MEF2A,0.6456105
2411,TMIGD3,0.6456136
16733,EBF1,0.64565
40866,UBE2I,0.6456859
40141,SIN3A,0.6457173
43112,CHMP1A,0.6457182
20005,MAFK,0.6457653
53059,WBP2NL,0.64587337
9809,ABHD14B,0.64594555
27134,ABCA2,0.6459706
53857,USP11,0.64597064
47907,WIZ,0.64600736
24554,TRPS1,0.6460098
39695,TCF12,0.64609206
9489,TRAK1,0.64613575
18147,MAPK14,0.64630765
52966,CBX7,0.64633393
21032,ZNF117,0.64636695
18179,PIM1,0.6463948
43312,MYBBP1A,0.646395
21840,IFRD1,0.6464216
43078,CDT1,0.6464265
26759,PSMB7,0.6465102
17292,RREB1,0.64651173
13188,BMPR1B,0.64654654
48307,ZNF726,0.64656043
439,PRDM2,0.646587
53538,RPS6KA3,0.6465962
28872,LDB1,0.646613
29123,BAG3,0.64664733
47814,IER2,0.64669806
28762,MMS19,0.6467106
20375,HOXA6,0.64671415
23186,CCAR2,0.6467364
28874,NOLC1,0.6468764
29655,TRIM22,0.6469214
46552,ZNF24,0.64714867
46571,ELP2,0.6471657
21566,ZNF655,0.6471787
33699,ATF7,0.64725333
47411,SAFB2,0.64726675
22561,REPIN1,0.6472863
19729,SCAF8,0.6473008
47904,AKAP8L,0.64731055
10962,ZBTB38,0.6473337
12409,KLF3,0.6474326
40998,ELOB,0.6474745
13127,PKD2,0.6474961
42617,NFAT5,0.64754134
8293,KLF7,0.64755917
26544,TXN,0.64760387
30341,NR1H3,0.6476744
8677,PSMD1,0.6476868
3122,ZBTB7B,0.64776427
33738,CBX5,0.64780706
29419,POLR2L,0.6478218
27179,EHMT1,0.6478234
17462,ID4,0.6478546
51754,SIM2,0.6479073
970,KPNA6,0.6479646
31937,POU2AF1,0.6481033
24951,PARP10,0.64829814
39662,CCPG1,0.6483158
24161,WWP1,0.64831585
9148,NR2C2,0.648328
32944,ATF7IP,0.64835566
19292,NCOA7,0.648383
6027,PELI1,0.6484975
5169,ID2,0.64851505
37545,PPM1A,0.6485642
48110,NDUFA13,0.64863753
44865,HEXIM2,0.6486796
21215,NCF1,0.64873517
26058,TLE1,0.6487561
47233,MBD3,0.64879394
48106,GATAD2A,0.6488907
48788,EGLN2,0.6489527
9600,LTF,0.64903617
50685,ZHX3,0.64907265
24401,ZNF706,0.6491144
47306,TLE2,0.64920413
14126,HMGB2,0.64934766
55512,HCFC1,0.64942336
37002,TSSK4,0.6495496
17883,POU5F1,0.64956856
16193,UBE2B,0.64958405
43347,CAMTA2,0.64958847
15236,ERBIN,0.6496221
14425,IRX4,0.6498165
29020,TCF7L2,0.64983076
37005,NEDD8,0.649844
54645,ARMCX3,0.6499387
55645,ZFY,0.64998955
21647,TRIP6,0.65002954
37365,SAV1,0.6500522
44554,CDC6,0.6500549
17677,ZNF165,0.6501284
50885,ZNFX1,0.6501608
51179,SLC2A4RG,0.65016484
42501,E2F4,0.6502384
46021,ADCYAP1,0.65035945
13595,JADE1,0.6503969
39551,COPS2,0.6504213
983,HDAC1,0.6504954
32133,BCL9L,0.65050817
40583,RGMA,0.65062034
23438,ZNF703,0.6506634
50677,MAFB,0.65074766
10053,FOXP1,0.6507948
339,MTOR,0.65086216
1577,SSBP3,0.650904
40529,BLM,0.65096915
49112,ZNF541,0.651069
18043,RXRB,0.6511304
21185,MLXIPL,0.65118945
36753,CHD8,0.65121776
44269,PSMD11,0.6513021
32638,LPAR5,0.65131295
6840,FHL2,0.651324
47446,GTF2F1,0.6514237
3169,GON4L,0.6514673
47592,ZNF266,0.6514725
8169,TRAK2,0.6514729
3231,ARHGEF11,0.65149194
28979,MXI1,0.6514955
44731,PSME3,0.6514997
40228,PSMA4,0.6515951
17088,MAML1,0.65162563
36760,TOX4,0.6517521
43481,KDM6B,0.65181
13437,CAMK2D,0.65181214
20624,PSMA2,0.6519278
52313,UBE2L3,0.6519411
39989,TLE3,0.6519461
16282,BRD8,0.65200466
5947,BCL11A,0.6520267
36740,ZNF219,0.652072
45667,SAP30BP,0.6521427
18290,UBR2,0.6521606
25316,CDKN2A,0.6521651
20553,SFRP4,0.6521941
16253,SMAD5,0.6522515
42623,WWP2,0.6522695
48684,SIRT2,0.65241635
38979,UBE3A,0.65241987
7522,RIF1,0.65242064
49247,IRF3,0.6524247
24839,AGO2,0.65244424
21133,AUTS2,0.65248656
21440,GATAD1,0.65248775
32904,CREBL2,0.6525262
3484,RXRG,0.6525323
21388,SRI,0.6525718
38505,MTA1,0.6526855
31706,TAF1D,0.65270036
29209,CTBP2,0.6527557
34116,MDM2,0.6529748
34143,CNOT2,0.65300983
45333,MED13,0.6530493
22250,KDM7A,0.65310013
4187,ELK4,0.6532489
37636,MAX,0.65325856
25127,UHRF2,0.65330774
11030,PLSCR1,0.65335256
3546,DCAF6,0.65337914
50857,NCOA3,0.65343565
44110,PHF12,0.65356344
38227,SETD3,0.6536525
17169,DUSP22,0.6537888
6894,LIMS1,0.65379584
27164,NELFB,0.65383923
5877,PSME4,0.6538522
21900,WNT2,0.6538828
29455,TNNI2,0.65395445
51786,ERG,0.65405333
28315,PPP3CB,0.654076
11974,RNF4,0.6540963
51052,NELFCD,0.6541515
26623,AKNA,0.6541623
33546,SMARCD1,0.6541741
4794,ACTN2,0.6542327
16997,NSD1,0.6542376
7165,MAP3K2,0.6542633
9513,HIGD1A,0.65435815
21964,WASL,0.65440935
5506,SUPT7L,0.6545096
43189,INPP5K,0.6545587
21682,CUX1,0.6545702
52327,PPM1F,0.65458816
21785,HBP1,0.6546187
5579,NLRC4,0.65478307
48580,ZNF146,0.65480673
39350,RTF1,0.6548898
44271,CDK5R1,0.6549221
42507,FHOD1,0.65492886
3069,CRTC2,0.65495294
54304,TAF1,0.65497017
42343,ARL2BP,0.6549805
3296,PYHIN1,0.65499806
15441,F2RL1,0.65515214
52673,ASCC2,0.6551667
674,KDM1A,0.6552031
5653,CYP1B1,0.655223
36926,RBM23,0.65524215
32495,KDM5A,0.65525305
5550,LBH,0.65531576
47494,ZNF358,0.6553341
7363,CCNT2,0.65533507
13267,NFKB1,0.6553491
55223,HTATSF1,0.6554668
48975,BCL3,0.65548503
6130,ANXA4,0.65552866
47183,MED16,0.6555325
9818,TLR9,0.6555715
4300,RCOR3,0.65573674
18203,GLO1,0.6557445
20605,CDK13,0.65576667
49140,CARD8,0.6558295
42693,ATXN1L,0.6558979
19324,PTPRK,0.6559071
42925,HSBP1,0.65596575
16903,CREBRF,0.65614957
21546,TRRAP,0.6561712
17996,PBX2,0.6561737
37939,SNW1,0.6561861
32547,FOXM1,0.656208
1063,PSMB2,0.6562786
37415,PSMC6,0.6563214
54401,RLIM,0.65635276
39688,ZNF280D,0.6563767
25323,DMRTA1,0.65654826
21734,PSMC2,0.6565635
35755,RGCC,0.6565799
11893,ZNF876P,0.6566074
17683,ZKSCAN8,0.65660965
25210,PSIP1,0.6566524
39853,ZNF609,0.6567519
1222,FOXO6,0.6567746
46727,CXXC1,0.65681285
53852,RBM10,0.6568151
6394,ATOH8,0.6568308
39948,SKOR1,0.6569245
53398,WWC3,0.65702796
2474,TRIM33,0.6570655
19178,HDAC2,0.65709597
54336,CITED1,0.6572376
13254,PPP3CA,0.65738016
19484,TNFAIP3,0.6573976
54264,IGBP1,0.65742326
36992,PSME2,0.657456
48864,ERF,0.6575286
53317,ZBED1,0.6575795
50517,ITCH,0.6576871
52954,CBX6,0.6577109
9035,TADA3,0.65771484
20109,ZNF316,0.65776026
49636,NLRP2,0.6578351
17970,NELFE,0.65785086
34256,PAWR,0.65786624
48225,ZNF257,0.6578832
1311,DMAP1,0.65803266
34065,IRAK3,0.6580406
15748,CHD1,0.65809596
24683,ZNF572,0.6582816
44555,RARA,0.6582967
36145,COMMD6,0.65836436
48711,PAF1,0.6584132
24072,ZNF704,0.6584517
32508,ERC1,0.6584869
47832,CC2D1A,0.65852416
21624,TSC22D4,0.65854067
50434,FOXS1,0.65862775
58,NOC2L,0.6586864
7735,SP5,0.6587549
20676,PURB,0.6588148
50745,PKIG,0.658862
18261,FOXP4,0.6588919
47349,DAPK3,0.6589917
37631,CHURC1,0.65906024
8197,SUMO1,0.6590818
50425,ID1,0.65914226
43010,FOXL1,0.6591952
3064,GATAD2B,0.65922356
23696,TCEA1,0.65926677
25423,NFX1,0.6593672
11159,DHX36,0.65941304
28322,MYOZ1,0.6594155
6842,NCK2,0.65943205
48862,GSK3A,0.65948296
26940,FUBP3,0.65949535
17062,ZNF454,0.6595256
37564,PRKCH,0.659536
45202,VEZF1,0.6595561
47631,DNMT1,0.6595879
4755,ARID4B,0.65959144
32891,LRP6,0.6597709
15622,MEF2C,0.65982515
47902,AKAP8,0.6599058
36935,PSMB5,0.6599248
4092,KDM5B,0.659957
54112,PHF8,0.6599814
50530,NCOA6,0.6599983
5199,KLF11,0.6600058
661,ZBTB40,0.6600512
2715,PIAS3,0.66008157
50849,ZMYND8,0.6601169
11808,TFRC,0.66018516
8560,PAX3,0.6602514
29844,DKK3,0.6602673
43731,FLCN,0.6603197
30785,MYRF,0.66033417
3433,ATF6,0.6603707
50690,LPIN3,0.66037863
29827,ZBED5,0.660406
48994,ZNF296,0.6604168
37785,PSEN1,0.66043353
4731,TARBP1,0.6604706
47235,TCF3,0.66061884
24860,PTP4A3,0.6606331
1218,SCMH1,0.66063493
3165,YY1AP1,0.66069293
34473,CDK17,0.66069883
26593,ZNF883,0.6607233
29959,TSG101,0.6609319
46569,RPRD1A,0.6610257
48142,ZNF90,0.6610372
44811,ATXN7L3,0.6610798
44779,ETV4,0.66108066
55101,IGSF1,0.6611129
49460,ZNF160,0.66117424
17716,TRIM27,0.6612249
21862,MDFIC,0.6614041
37138,SNX6,0.6614143
54232,AR,0.6614723
18848,ZNF292,0.66150576
31764,MAML2,0.66151625
23929,NCOA2,0.6615294
37774,DPF3,0.6615909
31899,ATM,0.6616204
2009,LMO4,0.661647
9242,NR1D2,0.66165483
10186,VGLL3,0.6617038
8027,NAB1,0.6617292
43440,GPS2,0.6618043
7164,ERCC3,0.6618365
41667,NFATC2IP,0.66200185
11364,PHC3,0.6620895
43320,PELP1,0.66222876
13369,EGF,0.6622481
12421,RFC1,0.6623221
11957,NSD2,0.6623226
40508,CIB1,0.66233176
47648,KEAP1,0.662376
51393,NRIP1,0.66243166
18124,PPARD,0.6624843
28873,PPRC1,0.6625822
45037,PHB,0.66261405
42879,ATMIN,0.662687
48369,URI1,0.6626931
45051,KAT7,0.66285354
44831,FZD2,0.6628801
17479,SOX4,0.66289544
49012,ERCC1,0.6629394
34791,DDX54,0.6629399
44516,CDK12,0.66294485
8199,NOP58,0.6630841
18063,DAXX,0.6633071
45176,TRIM25,0.66337943
25989,RORB,0.6634139
3091,HAX1,0.66343564
48813,TGFB1,0.66344106
10587,EAF2,0.6635163
45325,TBX2,0.6635332
41813,SETD1A,0.66355664
28634,PCGF5,0.66363865
10376,BBX,0.6636579
32721,FOXJ2,0.66372794
49566,CNOT3,0.66376346
46907,BCL2,0.6637811
18048,RING1,0.6638348
26673,CDK5RAP2,0.6638958
657,WNT4,0.6639107
22933,TNKS,0.6639559
39562,FGF7,0.66416466
17964,EHMT2,0.6642152
31436,RSF1,0.66423184
28878,NFKB2,0.66423494
52969,PDGFB,0.66423744
43803,ZNF286B,0.6642906
42527,CTCF,0.66436344
50451,POFUT1,0.6643635
31026,DRAP1,0.6643787
36994,RNF31,0.6645478
50818,ZNF335,0.66461396
13682,ELF2,0.66469646
1062,TFAP2E,0.66483706
34407,UBE2N,0.6650791
11853,DLG1,0.6651919
43333,PSMB6,0.6652325
31810,BIRC2,0.66530365
27522,MLLT10,0.6653102
2112,DR1,0.6654533
8595,CUL3,0.66549647
40403,PDE8A,0.665519
42192,CYLD,0.66557586
48748,PSMC4,0.66558075
52496,SMARCB1,0.6656097
51007,BMP7,0.66563237
17215,RIPK1,0.6656339
12629,KIT,0.6656589
12487,SLC30A9,0.66570306
27788,ZNF33A,0.6657159
51640,SCAF4,0.6658034
45644,NUP85,0.66582036
48232,ZNF676,0.6658291
18911,MAP3K7,0.6658317
43953,MAP2K3,0.66587985
17958,HSPA1A,0.665939
5633,EIF2AK2,0.66602105
48639,ZNF573,0.66610265
42179,BRD7,0.66613764
10582,HCLS1,0.66622746
30955,BATF2,0.6662655
47354,ZBTB7A,0.6662922
49747,ZNF835,0.66632044
11822,UBXN7,0.66633964
47034,TSHZ1,0.66634524
22601,SMARCD3,0.6663634
34883,SUDS3,0.66637284
36996,IRF9,0.66643995
31075,RBM14,0.666463
50966,ZNF217,0.6664859
26328,ZNF367,0.66651934
18121,ZNF76,0.66655666
8186,CDK15,0.6665808
21619,MEPCE,0.6666121
21660,SERPINE1,0.66664696
36542,PCID2,0.6666778
23088,CNOT7,0.66671604
43374,C1QBP,0.666737
48712,MED29,0.6667543
7609,BAZ2B,0.6668011
47390,MYDGF,0.6668243
39276,EIF2AK4,0.6668748
16811,TENM2,0.6669192
39331,DLL4,0.66693044
41735,TBX6,0.66695046
7817,ATF2,0.666953
1206,NFYC,0.6669568
41547,PLK1,0.6669823
5421,POMC,0.6670333
28045,DKK1,0.6671457
31113,AIP,0.66714734
47521,MAP2K7,0.6671496
5767,SIX2,0.6671616
51666,PAXBP1,0.6671771
39416,TP53BP1,0.66717756
3384,USF1,0.66723055
33716,HOXC10,0.6672323
25041,DMRT3,0.6673344
15532,SSBP2,0.6674135
46068,TGIF1,0.6674531
8919,ING5,0.66746235
18129,TEAD3,0.66749203
14469,ICE1,0.66750497
28827,HIF1AN,0.6675202
16662,SAP30L,0.66753024
55069,SMARCA1,0.66754556
2051,ZNF326,0.6676212
42305,BBS2,0.66763157
42222,TOX3,0.6677787
14392,TRIP13,0.66778594
3519,POGK,0.66781497
16874,FBXW11,0.6678523
10977,TFDP2,0.66791314
9989,PSMD6,0.6679592
44968,CBX1,0.66797405
32389,FLI1,0.668023
46693,SMAD7,0.66823703
24283,TP53INP1,0.66823983
37145,BAZ1A,0.6682597
37874,JDP2,0.6682793
39287,PAK6,0.668291
38879,NDN,0.6683373
45960,FOXK2,0.668346
16357,APBB3,0.6683544
27855,ZNF485,0.66839427
29698,APBB1,0.6684101
32017,ZBTB16,0.6684119
12996,ANXA3,0.6684617
36557,TFDP1,0.66849124
10075,RYBP,0.66856724
698,ELOA,0.6685692
2413,ADORA3,0.66857165
8305,CREB1,0.6685858
49485,ZNF331,0.6686623
28360,KAT6B,0.6686698
33604,ACVR1B,0.6686727
17551,TRIM38,0.6686977
50463,COMMD7,0.66878664
10549,GSK3B,0.6688728
39334,INO80,0.6688793
49010,PPP1R13L,0.66890275
17818,TRIM26,0.66891915
49271,NUP62,0.66896313
15332,BDP1,0.66896665
29157,TACC2,0.668989
27539,BMI1,0.6690227
33440,PFKM,0.66902524
49962,DDRGK1,0.66906005
20823,ZNF713,0.6690613
47181,ELANE,0.66906303
33475,CCNT1,0.6690697
23709,SOX17,0.6690833
49220,TEAD2,0.669084
54157,KLF8,0.6691279
51199,SOX18,0.6691495
10602,PARP9,0.6691697
700,PITHD1,0.6691957
38224,BCL11B,0.66921604
48435,CEBPG,0.6692535
15322,GTF2H2,0.66926765
10034,TMF1,0.6693412
34650,PWP1,0.669382
1508,CC2D1B,0.6694629
9391,LRRFIP2,0.6695059
44483,PSMB3,0.66953206
1557,GLIS1,0.66953236
30984,DPF2,0.6695724
18023,PSMB8,0.6695765
9505,ZBTB47,0.66966385
44563,TOP2A,0.6696708
15460,AP3B1,0.66972566
21272,ZP3,0.6698441
19355,MED23,0.6698453
4971,ZNF496,0.6698816
47719,ZNF491,0.67003024
5629,STRN,0.67005897
47305,TLE6,0.67011476
7704,NOSTRIN,0.6701217
18369,CDC5L,0.67012656
50823,NCOA5,0.67013264
33842,RNF41,0.6701371
50956,TSHZ2,0.67016727
39572,GABPB1,0.67017466
3776,LHX4,0.67019534
19538,HIVEP2,0.6701996
1458,FAF1,0.6703033
53253,MAPK11,0.67033195
8841,HES6,0.67034554
4369,CENPF,0.67040896
49777,ZNF547,0.67044747
44988,HOXB5,0.67050046
16116,FNIP1,0.6705182
16467,RNF14,0.6705989
33325,PPHLN1,0.6706009
20048,FOXK1,0.6706262
39433,ELL3,0.67063385
24641,ZHX1,0.67067313
35626,BRCA2,0.67069757
50574,PHF20,0.6707066
44991,HOXB8,0.6707288
39954,PIAS1,0.6707814
48065,SSBP4,0.6707986
37507,PSMA3,0.6708055
6100,PPP3R1,0.6708444
43748,RAI1,0.67085904
47262,DOT1L,0.6708613
45042,NGFR,0.6708815
28919,PDCD11,0.6708873
44863,HEXIM1,0.6708987
51563,USP16,0.6709055
34600,NFYB,0.6709135
2329,PSMA5,0.6709393
24519,ENY2,0.67098635
1146,AKIRIN1,0.67103356
34502,TMPO,0.6710575
35875,RB1,0.6710965
49426,ZNF610,0.6711744
46009,TYMS,0.6712056
36965,ZFHX2,0.67122006
14391,BRD9,0.6712313
44971,SKAP1,0.6712634
21939,AASS,0.67128676
24626,ZHX2,0.67129093
9083,VGLL4,0.67130464
9547,ZNF852,0.67138165
57,SAMD11,0.67140454
1068,AGO1,0.67144746
8636,PID1,0.6715706
20617,GLI3,0.6715714
39917,MAP2K1,0.6716967
31023,CCDC85B,0.67176044
4301,TRAF5,0.67180496
31373,ARRB1,0.6718367
6079,MEIS1,0.67184776
38449,PPP1R13B,0.67195976
21885,MET,0.6720016
42334,NLRC5,0.672018
38401,RCOR1,0.67203075
38498,BRF1,0.6720739
41827,KAT8,0.6720849
44530,IKZF3,0.67209274
37620,ZBTB1,0.6721144
47637,ICAM1,0.6721392
37915,CIPC,0.6721626
38097,TRIP11,0.6722166
48301,ZNF681,0.67223173
24770,PHF20L1,0.6722538
53944,PQBP1,0.6722723
9790,DCAF1,0.6722806
18322,ZNF318,0.6722895
46049,LPIN2,0.6723529
39781,RORA,0.67235696
16457,HDAC3,0.67237514
8241,CD28,0.6723881
9418,MYD88,0.6723951
44705,MLX,0.6724115
9470,ZNF621,0.67242724
27075,NACC2,0.6725002
7831,HOXD10,0.67250764
50531,TP53INP2,0.672531
11613,SENP2,0.67255527
41092,DNAJA3,0.6725578
18742,HMGN3,0.67256737
20203,MEOX2,0.6725694
33520,MCRS1,0.6725889
49169,MAMSTR,0.67260605
53752,MED14,0.672645
52738,DRG1,0.6726512
35685,SUPT20H,0.67266047
1758,MIER1,0.67266375
19947,DLL1,0.6726772
13543,FGF2,0.6726974
48456,WTIP,0.6727127
8900,MTERF4,0.6727578
17967,ZBTB12,0.6727753
37558,SIX4,0.67278177
48959,ZNF285,0.6728014
44428,AATF,0.67280495
50580,SCAND1,0.672815
5051,ZNF692,0.67282563
49263,PTOV1,0.6728346
49767,ZNF805,0.6728753
43470,SOX15,0.67287713
19632,LATS1,0.6729778
27618,MKX,0.67298657
32550,TULP3,0.673127
29823,CTR9,0.6731758
8003,WDR75,0.6732054
51200,TCEA2,0.673233
43428,DVL2,0.6732446
49188,RUVBL2,0.6732658
48113,PBX4,0.673305
33679,ZNF740,0.673343
53030,TEF,0.6734143
23371,NRG1,0.6734264
32056,ZPR1,0.6734269
1186,ZMPSTE24,0.67342794
25457,UBAP2,0.67345065
45032,ZNF652,0.6734745
13529,CCNA2,0.67350096
51524,GABPA,0.6735299
34112,NUP107,0.6735522
25539,CREB3,0.67355263
23775,TOX,0.6735715
44983,HOXB3,0.67360246
48721,EID2B,0.6736507
10603,DTX3L,0.67367613
2371,LAMTOR5,0.6737568
20036,CARD11,0.673811
6044,SERTAD2,0.6738514
1182,RLF,0.6738845
32964,RERG,0.67388725
52652,GAS2L1,0.6739188
22018,LEP,0.67399824
27701,EPC1,0.6740149
29533,RHOG,0.6740256
16993,UIMC1,0.67402834
33184,CAPRIN2,0.6740377
358,MTHFR,0.6740597
7580,ACVR1,0.67406577
13989,FNIP2,0.67419994
3531,POU2F1,0.6742006
18989,SIM1,0.6742006
26391,TGFBR1,0.67422074
22524,ZNF425,0.67423815
32400,BARX2,0.6742535
29818,RNF141,0.67425895
43009,FOXC2,0.67427707
47051,ZNF516,0.674355
39358,MGA,0.67435515
44481,PCGF2,0.67438334
26660,TLR4,0.67446643
35042,SBNO1,0.67448723
42492,CBFB,0.67449933
13412,LARP7,0.6745784
9546,ZNF445,0.67459184
121,CDK11B,0.6745987
49228,PIH1D1,0.67466336
46532,ASXL3,0.674668
9737,TRAIP,0.6746976
26607,POLE3,0.6747281
27977,MAPK8,0.67472965
7778,CDCA7,0.6747641
28533,BMPR1A,0.6748408
37513,ARID4A,0.6748647
29412,PIDD1,0.6748773
820,SLC9A1,0.6748828
18549,ZNF451,0.67489403
20369,HOXA2,0.67494446
30304,PHF21A,0.67495155
11339,MECOM,0.6749585
481,ZBTB17,0.6750363
33587,POU6F1,0.67506707
34963,OASL,0.67509204
33581,CSRNP2,0.6751543
29952,GTF2H1,0.6751649
8470,CNOT9,0.6751653
45222,SUPT4H1,0.6752022
19906,FRMD1,0.6752101
37609,ESR2,0.6752104
37126,NPAS3,0.67529315
31067,BBS1,0.67530143
52735,PATZ1,0.67531526
17425,ATXN1,0.67532367
23209,LOXL2,0.6753537
28729,ZNF518A,0.6753657
6790,IL18RAP,0.6753865
33681,RARG,0.6754139
49260,MED25,0.67542434
9131,XPC,0.6754254
43214,HIC1,0.6754545
10890,NCK1,0.67545825
2060,ZNF644,0.6754862
2876,ECM1,0.6754897
14244,IRF2,0.6754982
10641,ZNF148,0.67552775
25545,SPAG8,0.6755583
52717,MORC2,0.6755951
51169,HELZ2,0.67560947
4793,HEATR1,0.6756515
24691,TRIB1,0.6756523
50487,CBFA2T2,0.6756642
26438,RNF20,0.6757117
3953,CDC73,0.67572016
19689,ESR1,0.6757306
53580,ZFX,0.67574126
48912,ZNF575,0.6757502
15606,CCNH,0.675758
50615,SRC,0.67576134
27333,GATA3,0.6758104
43475,TP53,0.67581093
42189,NOD2,0.6758389
47616,PIN1,0.675861
6836,TGFBRAP1,0.67587817
45482,PSMD12,0.67588896
27003,MED22,0.675946
11980,TNIP2,0.675954
7080,EN1,0.67597425
3669,ZBTB37,0.6759747
2900,SETDB1,0.6759754
25123,IL33,0.6760185
46545,ZNF397,0.67610496
42718,ZFHX3,0.6761675
30838,ZBTB3,0.67619663
8477,STK36,0.676202
16342,PURA,0.6762448
17106,MAPK9,0.67624825
11959,NELFA,0.6762645
16330,CXXC5,0.67629135
2859,OTUD7B,0.67631453
19462,MAP3K5,0.6763243
49843,ZNF497,0.67634934
44956,SP2,0.6763564
19362,ENPP1,0.67636967
11099,TSC22D2,0.6763794
47670,CARM1,0.6763886
49097,ZC3H4,0.6764061
10036,UBA3,0.67645746
7801,CIR1,0.6764662
26176,CKS2,0.6764995
30166,ELF5,0.6765141
46429,ZNF521,0.67654884
42497,HSF4,0.67655635
42260,IRX3,0.6766433
9469,ZNF620,0.6766921
9199,SATB1,0.67672825
47586,ZNF699,0.6767382
20376,HOXA7,0.6767625
7019,PAX8,0.67678994
25087,JAK2,0.67679256
44952,SP6,0.6767962
47765,ZNF791,0.67682254
43003,FOXF1,0.6768251
50629,RPRD1B,0.67683065
2557,TBX15,0.67684394
49611,LILRB1,0.67687404
41774,ZNF768,0.67687833
43121,FANCA,0.6769195
14373,AHRR,0.67692685
29043,AFAP1L2,0.67693883
42531,PARD6A,0.6769421
5531,WDR43,0.677112
27840,RET,0.67711204
39779,ICE2,0.6771449
44706,PSMC3IP,0.6771517
15663,NR2F1,0.6771917
18945,UFL1,0.67722017
3190,PMF1,0.67729443
37132,EAPP,0.677298
48134,ZNF93,0.67729926
17959,HSPA1B,0.67733306
25005,ZNF251,0.67733395
24194,NBN,0.6773745
45914,MAFG,0.6775111
4484,TP53BP2,0.6775446
53511,SCML2,0.67756385
34652,PRDM4,0.67760646
18506,GCLC,0.6776288
28248,PCBD1,0.67767036
37967,GTF2A1,0.67768806
46820,NEDD4L,0.6777487
35300,ZNF84,0.67775065
1165,PPIE,0.6777793
53416,MSL3,0.6777832
7491,EPC2,0.67780185
138,PRKCZ,0.677816
35373,PSPC1,0.6778775
44989,HOXB6,0.6778851
12413,TLR6,0.67791283
12648,CLOCK,0.6779454
7756,HAT1,0.67795104
33695,MAP3K12,0.6779581
8854,TWIST2,0.67796683
16559,ADRB2,0.6781077
24457,FZD6,0.678108
15298,GTF2H2C,0.6781641
6153,TGFA,0.67816997
17146,TRIM41,0.6782129
53075,TCF20,0.678389
26679,PSMD5,0.6783919
25142,KDM4C,0.6784662
8842,PER2,0.6784669
42604,UTP4,0.67848194
34992,PSMD9,0.6785312
15635,POLR3G,0.6785339
9244,THRB,0.67854565
50493,E2F1,0.67856294
44782,MEOX1,0.6785977
35045,KMT5A,0.6786019
49847,ZNF837,0.67860276
26560,ZNF483,0.6786075
13303,TET2,0.67862105
50755,PABPC1L,0.6786321
32634,NOP2,0.6786326
24063,ZBTB10,0.67866004
1017,ZNF362,0.6787173
23886,COPS5,0.67874163
29230,FANK1,0.6787461
45489,NOL11,0.6787476
43847,MAPK7,0.67876667
48466,ZNF302,0.67883736
13693,NAA15,0.6788663
40953,E4F1,0.6788701
29709,TAF10,0.67888
16937,MSX2,0.67890894
5461,MAPRE3,0.6789092
10044,MITF,0.679005
37884,TGFB3,0.67903674
4960,ZNF124,0.6790368
11369,SKIL,0.67905796
43324,ARRB2,0.6791107
50758,STK4,0.67914265
25883,ZNF658,0.67917156
45427,SMURF2,0.67924386
29380,SIGIRR,0.67925227
51846,RIPK4,0.6792627
12064,TADA2B,0.67929447
45123,MBTD1,0.67930377
5716,MTA3,0.67931396
9213,KAT2B,0.67938393
54292,FOXO4,0.67944056
33582,TFCP2,0.6794814
55477,ZNF275,0.6795025
18863,AKIRIN2,0.67950875
30944,MEN1,0.67952806
33011,AEBP2,0.67954916
49770,ZNF460,0.6795893
10591,CD86,0.6796578
40789,AXIN1,0.6796712
27023,BRD3,0.67972577
52977,TAB1,0.67972857
23218,NKX3-1,0.67974705
49824,ZSCAN18,0.6797475
34439,NR2C1,0.6797683
53743,BCOR,0.6798314
53014,RBX1,0.6798547
45518,WIPI1,0.679856
11556,YEATS2,0.6798566
31973,IL18,0.6799789
10678,KLF15,0.6799892
49014,FOSB,0.6799945
51176,ZGPAT,0.6800194
51572,BACH1,0.68002135
18977,CCNC,0.6800447
45155,HLF,0.6800799
14218,WWC2,0.68010825
33377,ARID2,0.6801574
22530,ZNF783,0.68023145
55121,RAP2C,0.680233
53875,UXT,0.6802356
46815,ATP8B1,0.6802389
3136,MUC1,0.6802492
54165,SPIN2B,0.68026584
41049,ZNF263,0.68027145
20112,ZNF12,0.68028194
39383,CAPN3,0.6802933
44238,SUZ12,0.6802958
48068,ELL,0.6803048
9577,LIMD1,0.68032575
47102,NFATC1,0.6803627
7120,TFCP2L1,0.68038195
46834,MALT1,0.6804302
22528,ZNF282,0.6804672
6985,ZC3H6,0.6805278
17371,HIVEP1,0.68053097
305,CTNNBIP1,0.6806515
49272,ATF5,0.6806586
18534,BMP5,0.68069416
42695,ZNF821,0.6807218
40518,ZNF774,0.68076915
37557,SIX1,0.6807839
12452,RHOH,0.68082404
30922,ESRRA,0.68083256
3030,S100A9,0.6808518
5429,ASXL2,0.6808683
18094,HMGA1,0.68089527
45727,JMJD6,0.6809212
17723,ZNF311,0.68092823
40555,SLCO3A1,0.6809904
33088,KRAS,0.6810318
29176,IKZF5,0.6810429
8191,FZD7,0.6810676
53391,TBL1X,0.6810778
17112,CNOT6,0.68108374
26682,TRAF1,0.6810864
48943,ZNF222,0.68112063
32640,ING4,0.6811429
19044,BEND3,0.68116087
30952,PPP2R5B,0.6811966
15481,JMY,0.6811972
2326,PSRC1,0.68119836
46553,ZNF396,0.6812096
52663,THOC5,0.68121016
33107,BHLHE41,0.68121433
1200,ZNF684,0.68122524
29260,EBF3,0.6812274
20246,TWIST1,0.68126816
33904,GLI1,0.68128014
51900,RRP1B,0.6812872
19622,PPIL4,0.6813348
1026,ZSCAN20,0.6813351
53488,TXLNG,0.681361
4972,NLRP3,0.6813705
11487,USP13,0.6813732
39901,DENND4A,0.68139
23874,MYBL1,0.68140286
37088,STRN3,0.6814134
15290,TAF9,0.68143904
49872,MZF1,0.68152815
24028,PEX2,0.68153816
41214,CIITA,0.68160135
44515,MED1,0.6816057
21591,ZNF3,0.6816581
30928,RPS6KA4,0.68167496
35870,MED4,0.68173873
42744,PSMD7,0.6817485
28744,LCOR,0.6817626
53659,TAB3,0.6817709
53835,ZNF674,0.68182594
28165,SIRT1,0.6818303
23644,SNAI2,0.6818361
47124,ADNP2,0.6818735
48931,ZNF404,0.6818788
28300,ECD,0.6819029
17151,TRIM52,0.68192166
10682,ZXDC,0.6819252
42913,CDH13,0.68193465
50086,MKKS,0.68196297
24414,GRHL2,0.68197554
5423,DNMT3A,0.68197685
4957,ZNF669,0.68205386
39744,RNF111,0.68206036
7568,NR4A2,0.6821533
44472,EPOP,0.6821533
30830,LBHD1,0.6821596
9034,CAMK1,0.6821661
33908,DDIT3,0.6822712
47999,NR2F6,0.6822827
1283,KDM4A,0.6823135
33724,HOXC5,0.68231565
47871,ZNF333,0.6823609
43395,MED31,0.6824083
50702,PTPRT,0.68255335
48595,ZNF382,0.6825673
30156,LMO2,0.6825704
4071,ELF3,0.6825803
26847,PTGES2,0.68264353
49828,ZNF274,0.6826462
5050,ZNF672,0.6826526
23988,ELOC,0.6826637
2927,RFX5,0.68267375
21212,GTF2I,0.68270534
6661,CIAO1,0.6827394
32642,ZNF384,0.6827438
6136,MXD1,0.68277323
23847,BHLHE22,0.6827938
20615,INHBA,0.6828096
53504,SCML1,0.68283826
6776,RFX8,0.6828469
48937,ZNF155,0.68285584
11473,ZNF639,0.682896
33455,ZNF641,0.6829087
21423,FZD1,0.68290955
47640,ZGLP1,0.68291396
47148,MIER2,0.6829539
20405,CREB5,0.68296343
46414,IMPACT,0.6829879
47725,ZNF700,0.68299824
47574,ZNF317,0.68301314
49687,ZNF580,0.68310994
9032,BRPF1,0.68315154
55082,ELF4,0.6831529
30963,ZFPL1,0.6831572
39303,BAHD1,0.6831612
47562,ZNF558,0.6832049
48049,PIK3R2,0.6832188
43416,BCL6B,0.68325126
24346,OSR2,0.68326956
3237,ETV3,0.6832734
31052,BRMS1,0.6832842
126,CDK11A,0.6832854
45845,RPTOR,0.6832965
54467,BRWD3,0.6833025
686,ZNF436,0.68332344
28185,TET1,0.68337715
48219,ZNF208,0.68340397
31410,EMSY,0.6834198
20438,NOD1,0.6834229
8148,ORC2,0.68344486
26681,PHF19,0.6835014
16355,SRA1,0.6835121
1277,MED8,0.6835315
17509,TDP2,0.68354875
17406,JARID2,0.6835769
247,PER3,0.68360025
48081,CRTC1,0.6836102
24368,POLR2K,0.6836266
21419,CDK14,0.6836673
36928,PRMT5,0.68368596
45997,THOC1,0.68370616
47748,ZNF442,0.6837355
28697,HELLS,0.6837524
49808,ZNF587,0.6837617
34024,TBK1,0.6837803
29864,ARNTL,0.68381774
48399,ZNF507,0.68383914
51021,PCK1,0.68388927
45664,RECQL5,0.6838938
43328,ZMYND15,0.68390054
31714,MED17,0.68393415
42580,ZFP90,0.68397987
17372,EDN1,0.6840481
10723,GATA2,0.6840872
47598,ZNF121,0.6840936
34787,DTX1,0.68418944
1328,PLK3,0.6841921
20169,PHF14,0.6841966
49892,TCF15,0.684227
4541,LIN9,0.6842385
7631,PSMD14,0.6842421
27737,CUL2,0.68425065
51092,SS18L1,0.6842881
28082,TFAM,0.68429023
32318,PKNOX2,0.6843361
4954,ZNF670,0.6843395
9060,VHL,0.6843514
5638,CEBPZ,0.6843527
29399,DEAF1,0.68437237
34643,CRY1,0.684384
42546,PSMB10,0.68440324
24334,STK3,0.6844037
39834,USP3,0.684429
27785,ZNF25,0.6844694
48578,ZNF565,0.6845139
11366,PRKCI,0.68453044
30060,LGR4,0.68453586
12683,REST,0.68454283
2911,GABPB2,0.68454444
48772,SERTAD3,0.6845617
53885,ZNF630,0.68469536
45705,SPHK1,0.684724
37875,BATF,0.6847273
2919,VPS72,0.68477494
29387,HRAS,0.6847934
4657,TAF5L,0.684818
41820,ZNF668,0.68481827
53024,L3MBTL2,0.68481964
47707,ELOF1,0.68482655
34599,HCFC2,0.6848297
51968,ITGB2,0.68483573
24045,HEY1,0.68490005
50015,PCNA,0.6849134
11480,ACTL6A,0.6849172
23797,CHD7,0.6849177
47764,ZNF490,0.68493205
12033,CYTL1,0.68494356
49793,ZNF530,0.68503505
17186,FOXF2,0.6850458
23247,EBF2,0.6850477
17258,CDYL,0.6850628
3395,USP21,0.68506545
45901,MRPL12,0.68507105
24220,RUNX1T1,0.68507284
49715,ZSCAN5A,0.68508637
50825,CD40,0.6850924
46651,PIAS2,0.685107
8856,HDAC4,0.68512166
43375,DHX33,0.6851242
33889,NAB2,0.68515116
47111,CTDP1,0.68515176
18241,NFYA,0.6851601
5320,OSR1,0.68518007
29304,VENTX,0.6851842
17066,ZNF879,0.68518776
49945,EBF4,0.6852095
27824,ZNF33B,0.6852278
24034,PKIA,0.6852605
41801,ZNF629,0.68532825
54785,PSMD10,0.68536204
15829,FER,0.6854514
45910,ALYREF,0.6854599
4897,ZBTB18,0.6854619
26616,ZNF618,0.6854651
611,PINK1,0.6854731
48160,ZNF826P,0.68548506
49684,ZNF865,0.68550986
23292,ELP3,0.68555146
49781,ZNF749,0.6856419
35514,RNF6,0.68564457
17681,ZSCAN16,0.68564856
4343,BATF3,0.68566126
46259,PTPN2,0.6856709
7186,SAP130,0.6856882
16034,ZNF608,0.68570083
25591,POLR1E,0.6857241
35912,TRIM13,0.6857621
19441,AHI1,0.68577135
31200,FADD,0.6857722
1100,ZC3H12A,0.68580973
8474,ZNF142,0.6858617
26763,NR6A1,0.685883
30788,FADS1,0.68589604
8484,WNT6,0.6859094
39764,GTF2A2,0.6859271
45013,SNF8,0.6859909
43236,MNT,0.6860401
4364,SMYD2,0.68615144
43120,ZNF276,0.68618333
11141,P2RY1,0.68621385
1986,ZNHIT6,0.68625337
7680,TTC21B,0.686281
31010,KAT5,0.68628365
27319,SFMBT2,0.6863063
49463,ZNF665,0.68631977
11829,RNF168,0.6863378
14435,IRX2,0.6863998
51853,ZBTB21,0.6864326
49779,ZNF548,0.68644714
23878,SGK3,0.6864481
17191,FOXC1,0.68647915
47844,SAMD1,0.68649393
32652,CD4,0.6865065
50464,DNMT3B,0.6865731
49727,ZNF582,0.6865858
235,CAMTA1,0.686587
22543,ZNF862,0.68659675
19702,FBXO5,0.68662155
41067,NLRC3,0.68664634
46546,ZSCAN30,0.6866792
14984,ZNF131,0.68669593
9552,ZNF660,0.6866991
50184,ZNF133,0.6867145
11925,DGKQ,0.68671775
18807,TBX18,0.6867201
43698,ZNF624,0.686729
16142,IRF1,0.68678087
27793,ZNF37A,0.68678373
48607,ZNF829,0.6868033
48188,ZNF431,0.68685454
2105,MTF2,0.6868588
45810,CBX2,0.6868688
47724,ZNF69,0.68687046
3792,IER5,0.68687063
21733,DNAJC2,0.68693006
47599,ZNF561,0.68693256
41599,KDM8,0.6869462
41554,PRKCB,0.6870318
49613,LILRB4,0.68706787
48430,CEBPA,0.68708104
48600,ZNF850,0.6871092
10604,PARP15,0.68711174
28810,CHUK,0.68715006
29904,SOX6,0.687164
31167,IGHMBP2,0.68716544
1809,CTH,0.68718183
18114,TAF11,0.687189
2713,POLR3C,0.6872034
34330,CEP290,0.6872345
2325,CELSR2,0.6872895
54444,TAF9B,0.6872963
15447,ZBED3,0.68730474
49709,ZNF444,0.6873081
32328,CHEK1,0.6873198
24832,TRAPPC9,0.6873421
26241,IPPK,0.6873532
47601,ZNF562,0.6873549
44023,LGALS9,0.68735653
26756,NEK6,0.6873585
41714,PAGR1,0.6874624
53177,PPARA,0.68748593
48383,TSHZ3,0.6875065
51170,GMEB2,0.6875174
43525,KRBA2,0.68751913
24997,LRRC14,0.6875244
31163,TESMIN,0.6875418
18265,TFEB,0.687731
34977,KDM2B,0.68773556
48592,ZNF529,0.6877482
10330,ZBTB11,0.68776757
6463,EIF2AK3,0.68778026
26704,LHX6,0.68786174
31857,CARD16,0.6878673
14604,OTULIN,0.6878755
40842,SOX8,0.68789566
47754,ZNF709,0.6879274
49765,ZNF264,0.6879357
27889,ZNF22,0.687936
21598,TAF6,0.6879772
22218,TRIM24,0.68798566
3219,CRABP2,0.68799794
10716,RUVBL1,0.6880094
45975,ZNF750,0.6880606
25011,ZNF7,0.68807334
41822,ZNF646,0.68807507
47747,ZNF563,0.688122
32769,PHC1,0.68812627
35296,ZNF26,0.6881352
49706,ZNF787,0.6881391
325,PEX14,0.688157
49395,ZNF577,0.6882249
48856,POU2F2,0.6882643
32342,CDON,0.68827426
45308,PPM1D,0.68827665
228,ZBTB48,0.6883046
15665,FAM172A,0.6883248
51180,ZBTB46,0.68834215
27429,SUV39H2,0.68834955
55072,APLN,0.68840367
29395,IRF7,0.68841827
9560,ZNF501,0.6884224
47810,NACC1,0.68844295
39673,NEDD4,0.68845123
47752,ZNF443,0.6884777
26043,TLE4,0.68850535
37816,ZNF410,0.688554
52527,ADORA2A,0.6885657
13528,EXOSC9,0.688606
5384,ATAD2B,0.68863577
49038,IRF2BP1,0.6886671
26495,ZNF462,0.6886893
55481,ZFP92,0.6887415
28887,SUFU,0.6887476
47353,PIAS4,0.6887484
48138,ZNF682,0.68879944
27740,CREM,0.68880934
42672,ZNF23,0.6888413
6612,ZNF514,0.68887895
47835,RFX1,0.68888396
41085,GLIS2,0.6889252
26804,LMX1B,0.6889317
21873,TFEC,0.6889408
1195,ZFP69,0.6889804
9550,ZKSCAN7,0.6890035
11057,HLTF,0.68901557
39677,RFX7,0.68901753
45310,BCAS3,0.6890319
5491,ZNF513,0.689093
39946,MAP2K5,0.68909657
2023,GTF2B,0.6890986
37211,FOXA1,0.6891557
49409,ZNF841,0.6891959
45811,CBX8,0.6892092
34642,MTERF2,0.68928325
45563,SOX9,0.689316
39930,SMAD6,0.68934315
49791,ZNF416,0.6893486
42155,ZNF423,0.6893549
15440,F2R,0.6894158
6746,AFF3,0.6894197
18062,ZBTB22,0.6894279
55182,ZNF75D,0.6894473
13786,ZNF827,0.6894647
17057,ZNF354B,0.689529
30169,EHF,0.68954647
39236,MEIS2,0.68955094
38405,TRAF3,0.68955517
29848,MICAL2,0.6895591
49481,ZNF813,0.6895735
53080,NFAM1,0.6895738
22538,ZNF746,0.6895812
26815,ZNF79,0.6895959
35537,RASL11A,0.68963605
47397,TICAM1,0.6896684
47301,ZNF57,0.6896914
26806,ZBTB43,0.6896985
16019,PRDM6,0.68970436
48178,ZNF85,0.6897058
39851,TRIP4,0.68972653
17865,GTF2H4,0.68974763
24024,ZFHX4,0.68975866
327,CASZ1,0.68975955
29087,EMX2,0.68978745
38061,NRDE2,0.68978983
45828,CARD14,0.6897924
11906,ZNF721,0.68979293
49856,ZNF132,0.68979377
50938,NFATC2,0.68982416
27010,REXO4,0.689831
49858,ZNF324B,0.689896
29705,RRP8,0.68990225
33192,DDX11,0.6899129
44746,BRCA1,0.6899182
49838,ZSCAN22,0.68992126
25219,BNC2,0.6899381
28854,BTRC,0.68994826
32355,TIRAP,0.68996733
26594,ZFP37,0.6899856
17125,ZFP62,0.6899996
23734,PLAG1,0.69004405
11609,MAP3K13,0.6900598
15060,FST,0.69006145
49938,ZNF343,0.6900834
27859,ZNF32,0.6901605
13214,EIF4E,0.690174
32186,TRIM29,0.69018406
37618,ZBTB25,0.69020176
26794,PBX3,0.69022673
48604,ZNF790,0.6903182
42495,TRADD,0.69032073
21563,ZNF394,0.69036335
44981,HOXB2,0.6904241
24462,DCAF13,0.6904277
15134,MIER3,0.6904366
27853,ZNF239,0.69046825
43083,CBFA2T3,0.6904794
48586,ZFP82,0.69048864
54491,HDX,0.6905177
17608,ABT1,0.6905191
10847,TF,0.6905413
20059,RBAK,0.6905657
31402,WNT11,0.6905721
6613,ZNF2,0.6905867
17309,BMP6,0.6905874
35749,NAA16,0.6906245
4444,HLX,0.69062793
54163,SPIN3,0.6906433
6222,TET3,0.6906767
28266,ASCC1,0.6906873
5808,EPCAM,0.6906889
43668,MEIS3P1,0.69068974
21557,BUD31,0.69069546
47333,CACTIN,0.690708
5195,GRHL1,0.69071424
35376,ZMYM5,0.69072086
20401,JAZF1,0.69072306
52494,CHCHD10,0.690751
18899,CASP8AP2,0.6908312
34909,CIT,0.6908658
18447,TFAP2B,0.69087803
46380,RBBP8,0.69088465
25396,TOPORS,0.69089705
28376,ZNF503,0.6909268
4284,IRF6,0.6909406
7481,ACVR2A,0.69098026
13153,SNCA,0.69099647
54635,BTK,0.6910219
3195,GLMP,0.6910494
22951,SOX7,0.69105667
29146,FGFR2,0.6910793
19769,GTF2H5,0.69107944
48953,ZNF235,0.6911141
31898,NPAT,0.6911184
48685,NFKBIB,0.6911367
53874,ELK1,0.6911381
39413,ZSCAN29,0.6911463
9519,ZNF662,0.6911905
25063,RFX3,0.691198
49454,ZNF816,0.69120187
48960,ZNF229,0.69121087
44041,NLK,0.69122136
30004,HTATIP2,0.6912531
9079,ATG7,0.6912583
33131,ARNTL2,0.6912643
26432,ZNF189,0.6912832
3074,CREB3L4,0.6912846
25395,DDX58,0.69129586
47737,ZNF20,0.69130594
49792,ZIK1,0.6913238
26336,ZNF782,0.6913417
24931,ZNF623,0.69134194
33324,YAF2,0.6913505
51087,TAF4,0.69135404
11107,SIAH2,0.6913788
4670,AGT,0.6913897
23190,EGR3,0.6914006
43201,SERPINF2,0.6914408
52272,THAP7,0.691444
80,TNFRSF4,0.69145197
9653,ZNF589,0.69145715
54174,ZXDA,0.69148076
1161,HEYL,0.6914813
32157,HINFP,0.691486
40050,BBS4,0.6914995
48097,RFXANK,0.6915035
43655,TRIM16,0.6915238
7834,HOXD8,0.69153863
52693,SEC14L2,0.6915436
12944,NAAA,0.69154763
48482,ZNF30,0.6915523
5828,FOXN2,0.6915614
25589,ZBTB5,0.691606
49732,ZNF583,0.691612
47303,ZNF77,0.69165
42361,ADGRG3,0.6916641
28938,SFR1,0.6916659
1127,FHL3,0.69167936
48167,ZNF737,0.69168067
13902,TLR2,0.69169754
49754,PEG3,0.6917241
35898,SETDB2,0.69172645
33124,MED21,0.6917922
17690,ZKSCAN4,0.69181335
31791,PGR,0.69181377
37069,PRKD1,0.6918491
48860,DEDD2,0.6918861
49737,ZNF471,0.69188994
49774,ZNF543,0.69189143
30266,ALX4,0.6919354
10200,ZNF654,0.6919444
11185,C3orf33,0.69196683
50595,TGIF2,0.69198513
876,SESN2,0.6920348
48633,ZNF540,0.6920423
50355,ZNF337,0.69204277
44414,ZNHIT3,0.6920696
27850,ZNF487,0.69207186
51892,SIK1,0.6920856
7675,CSRNP3,0.69209903
8654,SP140L,0.6921023
1226,HIVEP3,0.6921342
22562,ZNF775,0.69213647
10250,RIOX2,0.69213694
50289,GZF1,0.69214505
14475,MED10,0.6921517
35058,GTF2H3,0.69215864
8652,SP110,0.69224346
13262,SLC39A8,0.69226164
17058,ZFP2,0.69229645
45245,TRIM37,0.69230103
1211,CITED4,0.6923238
29968,SPTY2D1,0.6923486
27382,CAMK1D,0.69234985
43740,MED9,0.69238925
30279,PRDM11,0.6924048
47744,ZNF44,0.6924087
35294,ZNF605,0.6924109
21208,GTF2IRD1,0.69242346
53037,CSDC2,0.69242436
13822,NR3C2,0.6924273
49785,ZNF772,0.6924581
45729,METTL23,0.6924746
21006,ZNF736,0.6924763
42539,THAP11,0.69247824
53968,CCDC22,0.69248503
3979,ZBTB41,0.6924857
38156,GSC,0.6925161
19437,MYB,0.69252014
8476,RNF25,0.69260824
2766,BCL9,0.6926128
48743,DYRK1B,0.69261724
48951,ZNF226,0.69262046
13988,PPID,0.69264203
40278,ARNT2,0.6926426
49106,MEIS3,0.69265217
47587,ZNF559,0.69267136
24907,GLI4,0.6926944
12225,CD38,0.69269997
54962,ZBTB33,0.69272125
48625,ZNF569,0.69272923
2420,DDX20,0.6927518
8416,SMARCAL1,0.6927566
10494,ZBTB20,0.69276655
18263,MDFI,0.6927863
22080,NRF1,0.6928347
21590,ZSCAN21,0.6928511
41112,ZNF500,0.6928775
11620,ETV5,0.6928942
5572,DPY30,0.6929095
33566,ATF1,0.6929238
48855,ZNF574,0.6929443
43695,ZNF287,0.6929763
40192,HMG20A,0.6929789
353,MAD2L2,0.69301426
27780,ZNF248,0.6930197
29654,TRIM5,0.69301987
47432,RFX2,0.6930498
17921,NFKBIL1,0.6930506
11890,ZNF718,0.69309825
48755,MAP3K10,0.6931171
48297,ZNF675,0.6931565
40487,MESP1,0.69315726
13337,LEF1,0.69317204
6283,GCFC2,0.69318545
26306,PTCH1,0.6932056
47487,ZNF557,0.6932131
18946,FHL5,0.69324106
41776,ZNF747,0.6932424
50843,EYA2,0.6932535
2870,CIART,0.693267
10444,CD200,0.69327605
22795,MCPH1,0.6932959
35678,SMAD9,0.69332236
29221,EDRF1,0.693334
25319,CDKN2B,0.6933668
17696,ZSCAN31,0.69339055
35307,ZNF10,0.6934031
38038,TTC8,0.6934111
20240,HDAC9,0.6934229
31000,FAM89B,0.693428
47066,ZNF236,0.69343036
53034,PHF5A,0.6934343
22537,ZNF777,0.693454
26247,ZNF484,0.693462
48632,ZNF571,0.6934752
48945,ZNF284,0.69349015
49480,ZNF761,0.69349873
48958,ZNF112,0.6935178
48185,ZNF714,0.69351804
13125,SPP1,0.6935326
47727,ZNF763,0.69353384
48128,ZNF506,0.693565
55145,PHF6,0.6936367
33436,SENP1,0.69364375
52684,LIF,0.6936463
4599,TRIM11,0.69366986
2084,RPAP2,0.6937058
796,RPS6KA1,0.6937686
49449,ZNF320,0.6937781
18026,PSMB9,0.6937824
22590,CDK5,0.69378376
4397,TGFB2,0.6937877
17692,ZSCAN26,0.6937879
1412,TAL1,0.6937942
36029,TDRD3,0.6938042
23445,BRF2,0.69383055
6762,NPAS2,0.6938369
9467,ZNF619,0.6938558
689,TCEA3,0.69386584
1104,SNIP1,0.69388837
15008,FGF10,0.6938944
32244,ZNF202,0.6939199
13706,MAML3,0.6939445
55409,MAMLD1,0.6939673
33717,HOXC6,0.69397634
49794,ZNF134,0.6939971
29512,ZNF195,0.6939975
9120,HDAC11,0.694048
49430,ZNF528,0.69406027
41762,ZNF771,0.6940814
48203,ZNF429,0.69411933
52820,HMOX1,0.69412845
27329,TAF3,0.6941394
55085,ZNF280C,0.6941628
48930,ZNF283,0.6941964
26807,ZBTB34,0.69420016
36129,KLF12,0.6942155
26290,FBP1,0.6942168
23311,HMBOX1,0.69423026
49421,ZNF766,0.69426805
38076,RPS6KA5,0.69427687
51882,PKNOX1,0.694278
35308,ZNF268,0.69428295
52938,CBY1,0.6942995
13778,SMAD1,0.6943105
45814,CBX4,0.694331
44440,TADA2A,0.6943315
8224,CARF,0.694346
30311,CREB3L1,0.6943511
49683,ZNF524,0.69436747
41582,ZKSCAN2,0.69438195
3952,GLRX2,0.69441056
20259,MACC1,0.6944452
38060,PSMC1,0.6944496
49802,ZNF776,0.69446856
34596,TDG,0.6945203
1547,LRP8,0.6945236
21810,THAP5,0.6945326
49406,ZNF432,0.6945732
23950,MSC,0.6945828
8362,ERBB4,0.6945891
19190,FRK,0.6945934
1119,MTF1,0.69461876
9033,OGG1,0.6946304
19267,HSF2,0.69463485
21246,PMS2P3,0.6946414
48751,ZNF780B,0.6946512
39321,DNAJC17,0.6947123
52633,CHEK2,0.6947146
48197,ZNF738,0.6947211
11348,MYNN,0.6947324
21568,ZSCAN25,0.69473594
48949,ZNF225,0.69474614
30201,TRAF6,0.69475293
36120,KLF5,0.6947624
9554,ZNF197,0.69480354
29797,ZNF143,0.6948058
49799,ZNF551,0.6948067
47296,ZNF555,0.69481
42556,NFATC3,0.6948113
17634,ZNF391,0.6948158
12674,HOPX,0.6948421
48991,RELB,0.69485295
26404,NR4A3,0.6948711
4183,CDK18,0.69488466
28916,TAF5,0.69488937
47730,ZNF433,0.69490993
33929,TSFM,0.6949113
48941,ZNF230,0.69491726
2407,WDR77,0.69493014
55186,ZNF449,0.6949374
41053,ZNF75A,0.6949598
3118,CKS1B,0.69496435
231,THAP3,0.694993
34224,BBS10,0.6950303
20800,LANCL2,0.6950327
26279,ZNF169,0.69503343
9556,ZNF35,0.69505984
42394,SETD6,0.69506645
9877,ACTR8,0.6950684
48947,ZNF224,0.6950721
53549,MBTPS2,0.6950821
39204,ZNF770,0.69510806
22523,ZNF786,0.6951122
46095,ZBTB14,0.69514364
45913,SIRT7,0.69515365
24477,ZFPM2,0.69515616
46895,TNFRSF11A,0.6951776
49451,ZNF888,0.6951872
39526,MYEF2,0.6952011
26377,TRIM14,0.69523686
29652,TRIM6,0.69523966
53591,POLA1,0.69524664
54950,NKAP,0.6952499
36494,ING1,0.69529694
49466,ZNF677,0.6952997
893,TAF12,0.6953026
41062,ZNF597,0.6953071
7833,HOXD9,0.6953634
35967,CKAP2,0.6953637
22526,ZNF398,0.69539165
48289,ZNF91,0.6954177
27676,ZNF438,0.695433
53833,KRBOX4,0.6954393
1714,ROR1,0.6954482
26179,SEMA4D,0.69545496
37746,MED6,0.6954929
20380,HOXA10,0.6955143
25045,DMRT2,0.69556373
49462,ZNF347,0.6955649
34866,TESC,0.69557625
31543,EED,0.6955833
48770,SERTAD1,0.6956009
53933,SUV39H1,0.69560593
14636,BASP1,0.69561565
11688,TP63,0.69563264
51128,MRGBP,0.6956375
42590,CDH1,0.69564134
47549,ZNF414,0.69565195
8035,STAT4,0.6956542
49030,SIX5,0.69568187
43603,MYOCD,0.69568294
41038,ZNF213,0.69570094
50065,PLCB1,0.6957039
3555,TBX19,0.6957041
54707,TCEAL7,0.6957292
54228,EDA2R,0.6957322
33861,TIMELESS,0.69574165
19682,ZBTB2,0.6957557
49164,DBP,0.6957775
15375,UTP15,0.6957779
53881,ZNF81,0.6957926
1442,BEND5,0.6957961
32407,PRDM10,0.6958018
47028,ZNF407,0.69581026
41873,ZNF720,0.6958198
48312,ZNF254,0.6958264
48944,ZNF223,0.69582736
6258,LOXL3,0.6958342
5988,COMMD1,0.69583434
22071,SMO,0.6958405
2156,RWDD3,0.6958414
33826,IKZF4,0.6958507
50717,L3MBTL1,0.69585997
49682,FIZ1,0.69589174
7712,BBS5,0.69589514
28194,STOX1,0.69590753
13530,BBS7,0.69590884
49401,ZNF613,0.6959282
36148,LMO7,0.69593346
15284,CDK7,0.69593704
49796,ZNF211,0.69594806
31024,FOSL1,0.69596064
9160,EAF1,0.69599026
42986,IRF8,0.69602245
2956,RORC,0.69602466
7115,GLI2,0.6960262
41810,FBXL19,0.696027
19953,TBP,0.69603133
51848,PRDM15,0.69604135
19995,GPER1,0.6960504
12170,ZNF518B,0.6960522
27122,TRAF2,0.6960526
9110,CAND2,0.6960558
24909,ZNF696,0.6960773
41785,ZNF689,0.69608516
20281,CDCA7L,0.6960952
18288,TRERF1,0.69609904
22529,ZNF212,0.6961149
28081,UBE2D1,0.6961243
53231,ZBED4,0.6961429
48596,ZNF461,0.6961574
28000,ERCC6,0.6961576
29308,ADAM8,0.696158
30346,SPI1,0.6961622
49801,ZNF671,0.6961639
47596,ZNF426,0.6961641
38490,CDCA4,0.6961707
49688,ZNF581,0.6961887
4360,PROX1,0.69619083
47751,ZNF799,0.6961918
1496,KTI12,0.69619834
52564,LRP5L,0.6962043
18373,SUPT3H,0.6962176
20099,FAM220A,0.6962179
37015,RIPK3,0.6962264
3859,RNF2,0.69622886
49812,ZNF418,0.69623977
21224,GTF2IRD2B,0.69624805
21028,ZNF273,0.6962511
31729,ANKRD49,0.69625187
16186,TCF7,0.69626886
18183,RNF8,0.69627
38229,CCNK,0.6962774
54184,SPIN4,0.69628024
14133,HAND2,0.6962931
9254,RARB,0.6963026
20372,HOXA4,0.6963028
871,PTAFR,0.6963036
48599,ZNF567,0.6963633
37127,EGLN3,0.69636697
46679,ZBTB7C,0.6963781
50496,ZNF341,0.696379
50121,TASP1,0.69638985
39620,LEO1,0.6964099
40388,ZSCAN2,0.6964121
26776,SCAI,0.69641787
27638,BAMBI,0.6964245
48623,ZNF527,0.6964348
39669,PYGO1,0.69645
48616,ZNF585B,0.6964673
49865,ZBTB45,0.69646823
48217,ZNF43,0.6965116
48637,ZNF607,0.6965167
37794,RIOX1,0.69653046
26972,MED27,0.69654393
29556,TRIM21,0.69655764
21345,HGF,0.69661206
14226,ING2,0.69661814
17637,ZNF184,0.6966482
4198,RAB7B,0.6966598
22541,ZNF467,0.6966606
19343,L3MBTL3,0.69666237
9055,FANCD2,0.6966745
43060,ZFPM1,0.69672227
43050,BANP,0.69672453
53463,PIR,0.696732
2910,MLLT11,0.69673264
29311,ZNF511,0.69674265
53932,WAS,0.6967545
24189,RIPK2,0.6967675
1976,BCL10,0.6967715
12030,MSX1,0.69677866
46294,ZNF519,0.6967858
47742,ZNF136,0.6967918
16216,PCBD2,0.69679546
16823,WWC1,0.69680154
47708,ZNF627,0.696804
37432,BMP4,0.6968106
9848,NEK4,0.69681585
49831,ZNF544,0.69681627
48148,ZNF486,0.6968201
50659,ACTR5,0.69683194
10135,ZNF717,0.6968366
54473,HMGN5,0.69683665
8463,SLC11A1,0.69683826
169,PRDM16,0.6968455
22475,ARHGEF5,0.69684786
25353,IFT74,0.6968515
14444,IRX1,0.6968529
53446,TRAPPC2,0.69686013
22512,EZH2,0.6968615
55548,IKBKG,0.696863
34935,TRIAP1,0.69687647
42674,ZNF19,0.69688153
37523,DACT1,0.6968869
50606,RBL1,0.6968915
22058,IRF5,0.69689804
8146,NIF3L1,0.6969009
23165,HR,0.696903
51132,TCFL5,0.6969331
41037,ZNF205,0.6969353
48634,ZFP30,0.6969492
48749,ZNF546,0.6969541
16693,HAVCR2,0.6969827
34572,IGF1,0.69698846
49444,ZNF600,0.69699174
52215,TBX1,0.6969921
20194,ETV1,0.69701314
17052,ZNF354A,0.69701713
897,GMEB1,0.6970185
54501,ZNF711,0.697035
16477,FGF1,0.69705033
43124,MC1R,0.697055
34665,CMKLR1,0.69705665
21740,RELN,0.69706315
18379,RUNX2,0.6970637
11223,SHOX2,0.697068
12021,ZBTB49,0.69708383
4023,ZNF281,0.6970918
13093,MAPK10,0.6970975
48170,ZNF626,0.6971045
20748,IKZF1,0.69710505
48626,ZNF570,0.697132
54171,ZXDB,0.6971403
12288,PPARGC1A,0.6971417
35677,RFXAP,0.6971457
49800,ZNF154,0.69715005
4015,NR5A2,0.69715136
15517,DHFR,0.6971515
21564,ZKSCAN5,0.6971588
2536,TRIM45,0.69716847
47295,ZNF554,0.6971745
48131,ZNF253,0.6971754
17466,E2F3,0.69717795
33426,VDR,0.6971781
49885,SOX12,0.697185
49813,ZNF256,0.6971951
36931,AJUBA,0.69719964
41710,MAZ,0.6972002
41837,PYCARD,0.69720423
55416,HMGB3,0.6972169
41282,ERCC4,0.6972257
28121,EGR2,0.6972321
29485,KCNQ1OT1,0.697241
13019,PRDM8,0.6972426
49740,ZFP28,0.69725597
22650,PAXIP1,0.69726604
34997,BCL7A,0.69726914
55164,MOSPD1,0.6972754
53883,ZNF182,0.69727874
50445,HCK,0.6972807
18364,NFKBIE,0.6972808
7519,NMI,0.69728225
49776,ZNF304,0.6972874
14285,TLR3,0.6972897
49816,ZNF606,0.69729173
48588,ZNF566,0.6972955
48614,ZNF585A,0.697297
48617,ZNF383,0.6973005
50998,TFAP2C,0.697304
17444,KDM1B,0.69730496
2317,TAF13,0.6973178
26335,ZNF510,0.6973299
20108,ZNF853,0.6973351
49403,ZNF350,0.6973502
16583,PPARGC1B,0.6973648
2585,ZNF697,0.6973706
37559,MNAT1,0.69737375
53946,PIM2,0.6973835
25262,MLLT3,0.6973842
48200,ZNF493,0.697399
29567,TRIM68,0.69741726
24570,MED30,0.6974201
49780,ZNF17,0.6974269
50727,TOX2,0.6974294
17693,PGBD1,0.69743234
48122,ZNF14,0.69743514
49788,ZNF773,0.69744533
42870,CDYL2,0.6974515
21216,GTF2IRD2,0.6974556
21856,FOXP2,0.69745594
47733,ZNF844,0.6974641
26199,SYK,0.6974674
54939,NKRF,0.69747674
49411,ZNF616,0.69747925
49790,ZNF550,0.6974911
52624,MN1,0.69749254
49248,BCL2L12,0.6974978
47808,LYL1,0.6974993
994,ZBTB8A,0.69749945
3816,RNASEL,0.69750005
18102,SPDEF,0.69750303
48591,ZNF260,0.69750655
47714,ZNF823,0.69751173
49039,MYPOP,0.69751495
9763,HYAL1,0.69751924
50052,BMP2,0.6975246
23557,THAP1,0.6975301
49811,ZNF417,0.6975373
63,HES4,0.69753855
877,MED18,0.69754064
5240,E2F6,0.697543
43365,ZNF594,0.69754535
41780,ZNF688,0.6975496
49380,ZNF175,0.69755477
20374,HOXA5,0.69756734
35486,CENPJ,0.6975706
17994,AGER,0.6975746
33726,HOXC4,0.6976019
49822,ZNF135,0.6976143
17697,ZKSCAN3,0.6976152
19023,PRDM1,0.6976157
34813,TBX5,0.6976388
49475,ZNF845,0.69765216
17005,RGS14,0.69765717
542,PADI2,0.6976576
26652,TRIM32,0.6976577
12544,NFXL1,0.69766504
49436,ZNF808,0.6976792
35303,ZNF140,0.6976901
43325,MED11,0.69769263
20370,HOXA3,0.69772375
42602,HAS3,0.69773024
17611,ZNF322,0.6977339
22733,ZNF596,0.6977388
1708,EFCAB7,0.69775987
30654,LPXN,0.697761
4927,SMYD3,0.6977682
49742,ZNF470,0.69776934
9890,WNT5A,0.69777185
48952,ZNF227,0.6977735
49834,ZNF8,0.6977765
47722,ZNF439,0.6977806
18905,BACH2,0.6977851
47700,ZNF653,0.6977878
49860,ZNF446,0.69778985
49414,ZNF836,0.69779223
28914,PCGF6,0.6977969
17882,TCF19,0.69780475
47760,ZNF564,0.6978048
42274,IRX6,0.69780535
52245,ZNF74,0.6978108
41880,ZNF267,0.6978151
48468,ZNF181,0.6978241
28648,CPEB3,0.69782513
54337,HDAC8,0.6978314
43360,ZFP3,0.69783497
21428,MTERF1,0.6978377
48935,ZNF45,0.69784296
17326,TFAP2A,0.6978457
30111,ELP4,0.697864
49676,ZNF628,0.69786716
41759,ZNF48,0.69787794
48095,MEF2B,0.6978796
7837,HOXD4,0.69790804
21024,ZNF138,0.6979102
9860,SFMBT1,0.69791037
36681,TTC5,0.69791394
48610,ZNF420,0.6979195
30322,ZNF408,0.6979205
49443,ZNF611,0.69792277
13512,PRDM5,0.6979312
25006,ZNF34,0.6979319
46105,L3MBTL4,0.69793403
42832,WWOX,0.6979424
18276,MED20,0.6979599
5958,REL,0.6979666
43361,ZNF232,0.6979759
50450,PLAGL2,0.6979759
35807,NUFIP1,0.69797856
8116,SATB2,0.69798774
52491,ZNF70,0.6979964
49399,ZNF649,0.69800586
35518,CDK8,0.69800687
11888,ZNF595,0.6980179
49477,ZNF765,0.69803804
14234,STOX2,0.69803816
731,RUNX3,0.69803864
20350,NFE2L3,0.6980535
40499,ZNF710,0.6980598
4938,TFB2M,0.6980635
33334,PRICKLE1,0.69806457
49805,ZNF587B,0.6980651
25013,ZNF250,0.69807774
30842,TAF6L,0.6980829
21562,ZNF789,0.6980863
54255,EDA,0.69810414
29653,TRIM34,0.6981042
16613,ZNF300,0.6981061
49476,ZNF525,0.6981271
21013,ZNF680,0.69813544
24797,ZFAT,0.6981356
36102,DACH1,0.69814986
50834,ZNF334,0.6981535
48629,ZNF793,0.6981831
49404,ZNF615,0.69819486
20378,HOXA9,0.6982014
49437,ZNF701,0.69820577
48583,ZFP14,0.69820726
48962,ZNF180,0.6982128
49859,ZNF324,0.69821745
25010,ZNF517,0.69821936
35304,ZNF891,0.69822335
1255,ZNF691,0.6982267
23204,TNFRSF10A,0.6982281
17170,IRF4,0.6982375
48542,LIN37,0.69824857
1140,MYCBP,0.6982559
51178,LIME1,0.6982567
19291,HEY2,0.6982642
3520,TADA1,0.6982666
49427,ZNF880,0.69826764
47187,ARID3A,0.69827026
2367,RBM15,0.69827366
48469,ZNF599,0.6982862
21630,SAP25,0.69829
47359,SIRT6,0.69829124
42267,IRX5,0.69829285
47971,MED26,0.6982955
32552,TEAD4,0.69829786
47369,MPND,0.6983069
9427,ACVR2B,0.6983093
43595,ZNF18,0.69831234
33722,HOXC8,0.69831276
47245,KLF16,0.69832104
49686,ZNF784,0.69832206
25014,ZNF16,0.6983412
49461,ZNF415,0.69834536
4570,ZNF678,0.6983549
47607,ZNF846,0.69836384
49277,ZNF473,0.6983713
50904,SNAI1,0.69837403
12252,LCORL,0.69838804
52201,HIRA,0.6983955
34793,RITA1,0.6984064
19238,ASF1A,0.69841385
28663,HHEX,0.69841975
48213,ZNF100,0.6984294
21019,ZNF107,0.6984348
24644,ATAD2,0.6984356
9061,IRAK2,0.6984533
40099,ARID3B,0.6984559
41781,ZNF785,0.6984584
11898,ZNF141,0.69845974
7956,NUP35,0.6984629
7835,HOXD3,0.6984697
40390,SCAND2P,0.6984721
50946,ZFP64,0.69847447
47717,ZNF441,0.69847697
17698,ZSCAN12,0.6984809
43658,ZNF286A,0.69848716
17002,MXD3,0.6984909
44191,CRLF3,0.6985148
16695,MED7,0.69851506
41084,TFAP4,0.69853574
49744,ZNF71,0.6985394
46445,KCTD1,0.6985454
20278,SP4,0.6985471
48195,ZNF708,0.6985502
49726,ZNF542P,0.6985518
8313,FZD5,0.6985579
24129,E2F5,0.69856304
52305,HIC2,0.69857985
38478,ZBTB42,0.69858116
49445,ZNF28,0.69858855
54778,MID2,0.69858867
49424,ZNF480,0.6985892
49447,ZNF468,0.6985914
55036,TENM1,0.69859165
32170,USP2,0.6985991
22718,NCAPG2,0.6986024
33066,SOX5,0.6986064
13056,LIN54,0.69863814
30613,MED19,0.6986427
30300,MAPK8IP1,0.6986526
19102,ZBTB24,0.6986547
15346,ZNF366,0.6986639
49787,ZNF419,0.6986658
26211,ROR2,0.69866943
46036,METTL4,0.698673
49803,ZNF586,0.6986731
46368,GATA6,0.6986762
9559,ZNF502,0.6986819
26735,ZBTB26,0.69868505
6253,PCGF1,0.69868696
24932,ZNF707,0.6986884
48605,ZNF345,0.69868886
6617,KCNIP3,0.6986901
48752,ZNF780A,0.6986981
53865,ZNF41,0.69869924
27168,NRARP,0.6987064
41779,ZNF764,0.6987083
55541,LAGE3,0.6987091
6788,IL18R1,0.6987142
49887,TRIB3,0.69871545
11229,MLF1,0.69871974
24906,ZFP41,0.69873405
5193,TAF1B,0.6987372
26734,ZBTB6,0.69874704
48918,ZNF576,0.698763
21047,ZNF92,0.6987914
49733,ZNF667,0.6987932
37176,BRMS1L,0.6987999
811,GPATCH3,0.6988279
11699,IL1RAP,0.69883245
48609,ZNF568,0.6988414
44990,HOXB7,0.6988441
34127,YEATS4,0.6988515
47720,ZNF440,0.69886214
20693,ADCY1,0.6988652
6984,ZC3H8,0.69886935
24304,MTERF3,0.6988732
49677,NAT14,0.69888276
48724,EID2,0.69889313
12020,LYAR,0.6989265
20291,IL6,0.6989289
17067,ZNF354C,0.6989374
25068,GLIS3,0.6989485
49807,ZNF814,0.698953
17516,GMNN,0.6989536
42768,ZFP1,0.6989595
48950,ZNF234,0.6989691
44985,HOXB4,0.69898045
36762,SALL2,0.6989949
26920,PRRX2,0.6989963
49405,ZNF614,0.6989972
15744,RGMB,0.69899917
8371,IKZF2,0.6989992
41061,ZNF174,0.6990167
49852,ZNF584,0.6990203
1015,TRIM62,0.6990271
36948,HOMEZ,0.6990476
48182,ZNF430,0.6990621
50192,POLR3F,0.6990658
42373,ZNF319,0.69907445
17689,ZSCAN9,0.6990863
49825,ZNF329,0.69909406
49804,ZNF552,0.69913775
43096,ZNF778,0.6991583
48861,ZNF526,0.6991833
33885,ZBTB39,0.69920146
46439,TAF4B,0.69922423
14128,SAP30,0.6992573
2282,PRMT6,0.699261
33719,HOXC9,0.69930726
48119,ZNF101,0.6993093
48484,ZNF792,0.6993405
47118,HSBP1L1,0.69938254
43686,CENPV,0.6993854
2386,LRIF1,0.69945294
1707,ITGB3BP,0.6996062
9502,SS18L2,0.69973695
3033,S100A8,0.69992745
39156,GREM1,0.7000267
49789,ZNF549,0.7000894
55939,KDM5D,0.7020901
