9863,SRY,0.0057600965
952,NKX1-1,0.0065142293
10729,PRAMEF15,0.008932475
16547,PRAMEF9,0.008932475
15019,PRAMEF20,0.0099226
8538,UNCX,0.010727218
19027,PYDC2,0.011504345
13398,PRAMEF5,0.011830729
10162,PRAMEF17,0.012738299
19630,HES3,0.014115903
5734,ZIM3,0.0146180205
9358,TBL1Y,0.015042753
4699,ONECUT3,0.015317844
17460,PRAMEF19,0.017421909
4826,PRAMEF4,0.018682228
10560,FOXB2,0.019398112
19350,PRAMEF11,0.01962493
1304,ANHX,0.019837027
17650,NOBOX,0.023438629
1860,CDX4,0.023526687
8890,SKOR2,0.024486465
13876,SSX7,0.024597406
11122,NKX2-4,0.024701256
13246,PRAMEF6,0.030465554
7858,ATOH1,0.032863982
10625,ZNF479,0.033511292
5290,NKX6-2,0.03718601
9138,FSHB,0.03832608
1809,MYF5,0.038668476
14282,PRAMEF2,0.04211677
6188,TPRX1,0.042207915
7635,ZNF705B,0.044564776
4172,FOXR2,0.045407653
4483,SOX1,0.04640889
10607,TFAP2D,0.049949612
12698,PRAMEF14,0.050044727
15015,BMP10,0.051780798
9683,DBX1,0.052031327
6541,LEUTX,0.052098557
233,PAX4,0.05276017
8733,CRX,0.053511437
15587,BHLHA9,0.055037577
13579,POU4F2,0.05565868
15707,NKX2-6,0.056398373
9542,PRDM9,0.05683885
8937,ATP1B4,0.05780986
5552,HMGB4,0.058028765
10178,PTH,0.060578335
1022,ACTRT1,0.061394345
10779,PRAMEF1,0.0651961
8354,PHOX2B,0.06531109
7898,PRDM14,0.06596345
6611,MORC1,0.066756174
7889,ZNF705D,0.06724055
4469,SIX6,0.06868016
9969,SP8,0.07153155
3976,FERD3L,0.07233666
7835,MYOD1,0.07319243
7704,SAMD7,0.073644094
13210,TAF1L,0.07462431
15900,SHOX,0.07468889
298,DMRTB1,0.07475718
13393,PROP1,0.075315125
4048,BMP15,0.07884897
19353,CER1,0.079113044
2171,BARHL2,0.07921598
5643,CTCFL,0.07929354
5230,NOTO,0.07969648
9100,VGLL2,0.08012877
4056,PSMB11,0.080166794
4032,FGF4,0.08225204
5254,RBPJL,0.08225615
1013,RHOXF2,0.08316097
3239,FOXB1,0.084222846
2186,GBX1,0.084248364
14136,SSX4,0.085828476
2584,DRGX,0.086286135
19118,NKX2-1,0.08630408
8871,TGIF2LX,0.086619206
13934,TRIML1,0.08668962
11658,ZNF716,0.08713139
9634,RAX,0.08716744
14349,SOX14,0.08768452
6397,PASD1,0.08880004
9469,GSC2,0.08990827
2103,FOXR1,0.090393506
6090,PRAMEF12,0.09043919
16345,DUXA,0.09151153
90,GALR3,0.09178069
11189,IL17F,0.092342705
17632,POU3F4,0.0924051
10972,IFNK,0.09264951
7601,GALR1,0.09322151
1365,SSX3,0.09376852
19410,HOXD12,0.09380508
2394,CRNN,0.09419198
17925,SPZ1,0.09422995
18681,INSM2,0.095354825
16103,GSX2,0.09547765
16705,PTF1A,0.095867835
8377,OLIG2,0.09634593
6395,HAND1,0.09672794
16717,DRD3,0.09686253
7788,PRAMEF7,0.09688584
5410,AGTR2,0.09732106
18956,ABRA,0.09778886
16492,FOXA2,0.097846076
11011,APOBEC1,0.09823304
1015,ESX1,0.0993855
8157,LBX1,0.09948135
8599,VRTN,0.09965553
18467,IL17A,0.099915735
16044,LHX5,0.10069798
8849,RAX2,0.100851424
17729,HDGFL1,0.100953996
14574,WNT8A,0.10147451
12791,DPRX,0.10280419
8633,ZNF668,0.102855615
15295,ZFY,0.103018254
6246,BARHL1,0.10321936
4179,SCRT2,0.103227615
12074,PDX1,0.10331533
11036,ZNF679,0.1033915
19458,RFPL4AL1,0.103433184
13471,NEUROD2,0.10355344
12772,DNMT3L,0.10359573
3525,ISX,0.104235515
18077,HNF1B,0.10452756
4493,FEV,0.10462995
11856,HNF4A,0.10700329
7542,ONECUT1,0.1071596
717,RHOXF2B,0.10788124
12195,INS,0.108107775
19310,CDX2,0.10842838
19278,EVX2,0.10856585
7038,RIT2,0.10947708
17186,SSX2,0.11084714
7567,UTF1,0.11111432
9163,ANKRD33,0.11177548
18005,OTP,0.112377204
10600,PHOX2A,0.11342269
6343,FEZF2,0.11473527
18442,WNT1,0.114908926
16478,MYF6,0.1151501
17708,NR1H4,0.115657434
11967,RFPL3,0.116693966
14450,OLIG3,0.11758
2745,PAGE4,0.11814556
12350,IL4,0.118206985
747,ZSCAN10,0.118930615
15523,ASCL3,0.119562835
13141,CSRP3,0.120400876
3789,NANOGNB,0.12064518
13616,TCF21,0.12101786
14207,EPHA5,0.12167181
8434,NOS1,0.12227553
3411,TBR1,0.12280041
12431,PRDM7,0.1233789
6791,LHX3,0.12340984
5377,SSX1,0.12487463
5837,SSX5,0.12507255
15985,VSX2,0.12536146
14107,POU3F2,0.12600268
13170,SALL3,0.12603025
15642,SSX4B,0.12608303
2685,CTAG1B,0.12646057
828,VAX1,0.12680833
1476,TNP1,0.127126
8811,ZIC3,0.12776758
17482,FOXE1,0.12833925
16542,ACTL6B,0.12856975
9792,WNT7A,0.12866655
18153,NEUROD1,0.12897575
19052,GCM2,0.1296225
8794,NEUROD4,0.1299971
15516,IL26,0.13236962
13957,RFX4,0.13313615
15122,ZSCAN4,0.13470666
9507,ZBTB8B,0.13478759
15120,AIRE,0.13486814
15349,MYT1L,0.1357784
588,RFPL4A,0.13601921
10326,ZNF705A,0.13730592
14523,KDM5D,0.13857915
13421,NKX6-3,0.13961537
679,SOX3,0.13967542
8398,IHH,0.13985147
1442,SP7,0.14000736
9591,FOXG1,0.14036696
13801,POU1F1,0.14051121
13468,ZNF280A,0.14062713
12920,NR0B2,0.14092743
16496,NKX2-3,0.14120388
11769,ZNF536,0.1421744
7731,IL25,0.14268346
5566,FOXD4L5,0.14320558
17834,GDF7,0.14451787
4932,HELT,0.14526293
6734,SOST,0.14673957
15959,ADCY8,0.14784695
574,NR5A1,0.14855514
6849,POU5F2,0.15075263
6330,ZNF560,0.15262496
7031,NEUROG3,0.15288717
12031,DMRTA2,0.15327053
19406,FOXD4L6,0.15417595
8038,TLX3,0.15483178
8774,FEZF1,0.15689391
8962,ZSCAN5B,0.158464
17346,CELA1,0.15868506
6365,CHP2,0.15982093
14919,MSGN1,0.16103967
2312,ZFP42,0.16137402
3896,SOX21,0.16197793
5506,NR2E1,0.16234834
11915,FOXE3,0.16438535
8114,NR0B1,0.16709615
16245,FIGLA,0.16724056
11239,STRA8,0.16729322
662,FAM170A,0.16930988
3285,SCRT1,0.1702242
17354,TRIM15,0.17036383
17289,OTX2,0.17062129
19685,SP9,0.17079698
3903,IL5,0.17439534
5863,PF4,0.1745792
15522,POU3F3,0.17545773
7072,POU6F2,0.17617054
11710,MYOG,0.17704657
11388,PRL,0.17825243
14601,RPL10,0.17845704
18649,MAGEA2B,0.17878003
9499,DMRT1,0.17947808
18463,POU4F1,0.18015447
2818,ACTB,0.18090096
14315,RBL1,0.18098554
7565,EVX1,0.18193637
2293,SPIC,0.18327005
5748,HSF5,0.1839368
1241,NKX1-2,0.183939
6751,HMX3,0.1861147
4693,TMSB4X,0.1882129
11920,PSMA8,0.18828535
13405,MAGEA2,0.19050795
1146,CTAG2,0.19073841
2889,SOHLH1,0.19079833
12328,ERN2,0.19153748
17238,HMX1,0.19163573
1391,NPAS4,0.19297828
14037,ZIC5,0.19338423
12756,SHH,0.19379121
2925,FOXL2,0.19394077
6935,TBX10,0.19472024
10132,LHX9,0.19707519
965,BTBD18,0.20073399
465,SCGB1A1,0.20152313
18115,NHLH2,0.20176652
13650,IFNB1,0.20412895
17896,ZNF729,0.2050375
5393,CREB3L3,0.2068577
6247,SSX2B,0.20915091
4933,AICDA,0.21165448
2694,TCF23,0.21175505
2831,TBX22,0.21176958
1309,CALCA,0.21358894
13263,ATOH7,0.21402484
13617,PKHD1,0.21427639
7752,HMX2,0.21676585
9707,NANOG,0.21698722
16154,ZNF99,0.21711805
10098,RFX6,0.21723372
5112,RIPPLY2,0.21772182
15213,LHX1,0.218397
476,RIPPLY1,0.22133362
18964,DACH2,0.22387348
4617,OVOL3,0.22427809
9701,OR7D2,0.22482012
10782,GALR2,0.22615217
509,TRIML2,0.22676001
2643,MYOZ2,0.22757167
7809,CSF2,0.22826087
4594,PITX3,0.2284494
8392,ISL1,0.2285428
48,NEUROG2,0.22905245
10630,TCF24,0.22937304
6983,TCERG1L,0.23008682
7311,IL31RA,0.23098883
12120,CSF3,0.23342727
5100,ASCL4,0.23802404
8914,LHX8,0.24090473
3719,ALX1,0.24287318
7698,ETV3L,0.24290605
17490,CTAG1A,0.24348453
10214,MAFA,0.24406795
946,GFI1B,0.24602173
13086,ARID3C,0.24718994
3526,FOXD4L4,0.2481995
11214,WNT3A,0.24888718
17225,KLF17,0.24930543
1973,LMX1A,0.2512468
14463,OPRD1,0.2515664
4387,TLX2,0.2517819
9656,RPS3,0.25229752
14546,BRDT,0.252485
17121,POU4F3,0.2528128
10395,ZNF534,0.25319237
7334,RFPL1,0.25321567
17528,ASCL5,0.2539216
8519,DMRTC2,0.2542594
7690,SFRP5,0.25523865
3180,HOXB1,0.25645766
13931,HES7,0.25722167
9225,PAX7,0.25832707
4444,ZNF157,0.25882792
10897,FOXN4,0.26045516
10843,ISL2,0.26154456
10056,PRDM12,0.2617852
17114,EGR4,0.26189053
18751,C14orf39,0.2676195
5166,DYDC1,0.26848304
391,TAGLN3,0.2715005
2781,VSX1,0.27586272
10321,IL2,0.2760345
6560,HOXD13,0.27917707
18670,ELANE,0.28008738
8827,NKX2-8,0.28010473
5397,ALK,0.2807775
977,CHD5,0.2813249
10946,FOXD4L3,0.2815581
10615,DMRTC1,0.2820206
3205,MAGEA1,0.28208083
793,GATA1,0.28524804
8947,TBX20,0.2855283
6843,FOXI2,0.28589648
17998,UCP1,0.28657553
3887,RFPL2,0.28767276
10731,CEBPE,0.28992015
19241,PPIA,0.29106995
18552,TENM1,0.29152277
13841,EN2,0.29320884
16515,FRMD1,0.29585084
17725,KLF14,0.29609892
1773,SOX30,0.29750422
19142,NR1I2,0.29796705
6619,IFNL1,0.30191097
14239,DLX6,0.3026477
2110,GBX2,0.30390048
6979,DBX2,0.3044605
3591,HES5,0.30603915
13911,NODAL,0.30634454
11392,TBX4,0.30668655
6826,NKX2-2,0.30674985
180,ZNF728,0.30808425
9373,ZNF727,0.3092191
19376,ALX3,0.30940166
13928,ASXL3,0.3109435
4201,OLIG1,0.31208462
18862,FOXD4L1,0.3121385
4329,KLF1,0.31266922
13056,RPL23,0.313042
1946,GATA4,0.31365547
12445,GATA5,0.31420556
18276,NKX2-5,0.3162727
15747,CUX2,0.31837118
18367,MSTN,0.3193901
5736,HOXA13,0.320398
15240,IL1A,0.32049426
2657,ESRRB,0.32447276
9290,ZNF80,0.32501048
2385,LMO1,0.3266571
3932,CD74,0.32775283
1045,SMYD1,0.3326111
12666,TLX1,0.3328054
597,FOXD1,0.33421528
4059,MYOCD,0.3350942
8023,PAX3,0.33531588
13645,DACT2,0.33536217
3737,SUMO4,0.33593476
6954,TERT,0.3360279
16648,GCM1,0.3374642
14370,ONECUT2,0.33886233
5558,ZNF556,0.3390293
7361,HOXD11,0.34061196
680,ST18,0.34199002
7193,NHLH1,0.34313148
7991,BNC1,0.3464522
14670,UBC,0.34938693
15083,NPM1,0.3495622
9935,RHOXF1,0.35018948
18129,EREG,0.35076827
18678,UBB,0.35166103
5361,ARX,0.35276252
15355,PTMA,0.35424715
9682,SKOR1,0.3545322
10762,CCDC62,0.35490492
2669,PURG,0.35572138
8990,GDNF,0.35710818
7577,ZNF648,0.35793874
10878,PAX1,0.36042085
10393,DAND5,0.36081654
10455,HMGA2,0.3622704
2496,RPL6,0.36232775
13840,RPS14,0.3624373
3139,RPS27A,0.3629027
19459,BMP5,0.36405888
17084,DMRTA1,0.36814678
3934,NOG,0.36825547
9888,MAEL,0.37066802
14289,GTF2A1L,0.37079784
4549,CAMK2A,0.37114647
3328,ZIM2,0.37241304
4534,ZIC4,0.37244338
14609,PROX2,0.372794
11065,DUSP26,0.3754798
17754,RORB,0.37860796
10968,RSC1A1,0.3786726
19214,TRIM31,0.38204783
7627,ASCL1,0.38214108
18037,TLR9,0.38304877
6480,SIM1,0.38314572
9433,NWD1,0.3848361
5051,FOXD3,0.38617668
17376,DMBX1,0.38716593
15970,EPO,0.38723227
17228,LEFTY1,0.38862872
14779,MSANTD1,0.3894698
11306,SOX2,0.38953498
11749,PAX5,0.3899301
12234,UBA52,0.3904689
1741,S100A12,0.39175203
1481,ANKRD2,0.3948732
8280,RXRG,0.39492306
5312,ZNF280B,0.39496177
11802,ZFP92,0.39698833
16454,XBP1,0.3976584
6927,PLA2G1B,0.3990567
17397,FOXA3,0.40155986
10258,POU3F1,0.40203384
13218,TAL2,0.402293
8133,IFNG,0.40341082
11665,HOXC12,0.40341583
3310,ESR2,0.4035315
4288,HSFX1,0.4041952
330,MIXL1,0.40547618
18206,ANKRD1,0.4057503
782,SMTNL1,0.40981993
17303,COL1A1,0.41165078
4148,TFDP3,0.41360003
2411,ZNF488,0.41369802
1497,GDF6,0.41439813
10975,ZNF676,0.41547868
7326,ZNF492,0.4194406
18715,SIX3,0.41957936
6610,MT3,0.4221376
4424,HIF3A,0.42358115
2360,PAX2,0.42418063
14269,TNFSF18,0.42592686
17664,PRDM16,0.4265483
14913,FOXN1,0.42843062
15447,C8orf44-SGK3,0.4286
12235,HOXA2,0.42908347
8389,CDX1,0.42949212
12146,NLRP12,0.42993283
16733,HSPA8,0.4315283
3942,MAGEL2,0.4315932
17295,SOHLH2,0.4316642
10760,TNIP3,0.43240717
4579,ZFP57,0.43788853
6721,ZNF732,0.44287243
3933,HOXB13,0.4434634
6884,ALX4,0.4444692
1710,ZNF878,0.44515383
8604,PLAG1,0.44610843
15820,WNT10B,0.4465081
14555,INSM1,0.44737703
16284,FOXH1,0.44793895
12303,CLU,0.44935632
6477,MYT1,0.45020974
5350,PKNOX2,0.45107582
8655,DRD2,0.452498
7064,ADCYAP1,0.45427108
18517,ZNF114,0.45542714
12875,MLIP,0.45959145
13040,RELN,0.4600671
18852,BARX1,0.46032175
7297,IL18RAP,0.46152472
11537,ZIC2,0.4622327
9250,IRX6,0.4629673
13694,PROX1,0.4635226
1503,TCF15,0.46387282
19005,LEP,0.46580324
7015,NTRK1,0.4683655
16433,DLX2,0.4685661
592,CALR,0.4688076
14657,TXK,0.46954006
5472,CKS1B,0.46971303
1001,ZSCAN23,0.47042438
10470,WNT6,0.47110075
17297,HSPB1,0.47123286
17751,DLX1,0.47179323
11659,ZBED2,0.4725694
5990,FOXF1,0.47292933
2793,PPARGC1A,0.47393093
2623,GLIS1,0.4749215
296,PFDN5,0.47502226
11113,CSRNP3,0.4755213
8383,TMBIM6,0.47569856
11873,HNRNPA2B1,0.476252
14288,DPF3,0.47668362
19331,PCK1,0.4769218
7384,LHX2,0.47699153
10842,ENO1,0.47753266
2408,DMRT2,0.47906455
17062,NKX3-2,0.48084635
19224,VENTX,0.48263946
4352,ACTN2,0.48325184
11843,HOXC5,0.4848254
19586,P2RY1,0.4848385
10509,SOX6,0.48497903
76,LUM,0.48524952
17809,HOXA6,0.48787203
8500,HOXD4,0.48893592
11726,MAK,0.4894555
4354,PCBP2,0.4898195
4007,HOXA11,0.4923134
12020,CD81,0.49259797
12619,YWHAZ,0.49288872
15953,POU5F1,0.49545693
16231,ZNF215,0.49548814
6879,FOXD4,0.49580842
944,MNX1,0.49665105
11237,DPF1,0.4967754
335,ZBTB32,0.4968274
4704,CCNA1,0.4972061
17617,SPIN2A,0.4974248
937,DMRT3,0.4980095
13362,XCL1,0.4985874
1706,TBX21,0.4988289
15671,POU5F1B,0.5008627
2632,CEBPA,0.5015666
1322,POMC,0.50167495
17187,HNF1A,0.502383
7318,MED12L,0.5034198
3905,SOX8,0.50345635
18336,SP5,0.5058762
6567,NKX6-1,0.5063994
14789,FOXC2,0.5068697
5597,ZIC1,0.5073673
3280,CRABP2,0.50837713
6699,HOXA1,0.50915456
7454,SALL1,0.51079994
4490,HNRNPK,0.51289827
18720,LHX4,0.5130552
19397,EDF1,0.51586103
18799,EMX1,0.51626164
4726,HOXB8,0.5170907
1219,ZNF730,0.51745033
4439,FOXP2,0.5174948
1245,SCML4,0.51821226
19373,TENM2,0.519098
19029,ZNF454,0.51909864
731,FASLG,0.51982313
12956,TFAP2E,0.52038264
2467,TET1,0.5204002
14259,CDK15,0.5207523
10552,IFI27,0.5209076
2709,MCIDAS,0.52181274
5892,BMP2,0.5228434
7160,EMX2,0.5230086
16198,FOXD2,0.523616
17287,DMRTC1B,0.5242188
5615,IGSF1,0.5248684
249,APP,0.52502507
14020,HNF4G,0.5251468
14725,HOXB9,0.5256296
11256,FOXQ1,0.5258143
16205,FOXL1,0.52607447
16738,NFE2,0.5261256
13924,ZNF541,0.52645904
10772,CHCHD2,0.5279008
14893,ZSCAN1,0.52832156
2379,HOXD1,0.52865624
11186,ZNF660,0.52884144
14980,SOX11,0.5292052
5539,WT1,0.5295555
5745,DDX5,0.5295803
18403,NCL,0.53017616
2624,BHLHE22,0.53049
16558,CGA,0.53071284
5090,FOXJ1,0.53111446
1611,PTPRN,0.5311425
5770,ZNF578,0.53241605
14628,PITX2,0.5327723
5696,TNFSF11,0.5351085
7176,CD40LG,0.5354968
4839,MUC1,0.53561336
13958,MKX,0.5358649
12361,STOX2,0.5360742
14179,ZNF483,0.5362071
4692,PSMB4,0.5367238
671,FLNA,0.53777647
19429,NPAS3,0.54013675
7818,AHRR,0.54052746
3043,PRKCQ,0.5407734
17598,SUB1,0.5408107
1702,PARK7,0.5419282
19295,TRIM28,0.542245
2874,DCN,0.5425411
5136,GLI1,0.5428888
18027,MYRFL,0.5435421
3306,SOX5,0.54357994
13906,PAX6,0.5440149
17069,GFI1,0.5441935
17740,MYRF,0.5445191
11091,YBX1,0.5451636
15728,EOMES,0.54652107
4900,MYCN,0.54718393
9824,NR1I3,0.5472322
16856,GRIN1,0.54754645
11735,MORF4L2,0.5478558
7250,PRDM8,0.5481744
9282,ZNF98,0.5487644
7555,HMGB1,0.5498345
12030,PPARGC1B,0.55042225
5878,BCL11B,0.5509121
9176,PRDX2,0.551702
13555,MYOZ1,0.5518152
18566,IRX4,0.5519801
18361,ZNF366,0.55211484
14427,BHLHA15,0.55230844
1526,KLF15,0.55269915
5771,SQSTM1,0.55276465
9559,ELAVL2,0.5532048
5223,ZNF850,0.55386627
15457,EDA,0.5548731
6108,RFX8,0.5550837
19648,HSFX2,0.55508894
10766,ACTA2,0.55513954
7717,DYDC2,0.5557067
14599,RNF187,0.5560715
14189,SNAI3,0.55616844
13996,IL11,0.55654234
16219,LBX2,0.5572431
16858,ZNF835,0.55764264
16864,BACH2,0.55867547
16220,MLXIPL,0.5588552
18045,WBP2NL,0.5593399
7331,HOXD10,0.5594561
4462,TOX,0.56036496
396,CNBP,0.5603675
3765,NR6A1,0.56059295
359,VGLL1,0.5606084
12720,IL23A,0.56067413
18473,CA9,0.5611309
18767,ATF4,0.5613298
18742,PLA2G10,0.5615735
6088,IL10,0.5616374
16576,PSME1,0.5626553
8123,CSDC2,0.5627133
17011,HDGF,0.5628506
6577,HMGN1,0.5634225
5714,SET,0.56371605
12641,TAL1,0.5639129
9377,PCBP1,0.56414235
19553,DLX5,0.56417316
12813,IKZF3,0.56434554
1061,TXN,0.56444234
6799,CRYM,0.5653475
18776,ACTN4,0.5654899
8210,DLX4,0.5659665
18380,ZBTB20,0.56596935
7678,PYGO1,0.56665474
7828,PARP15,0.5676227
7052,HINT1,0.56764275
7510,HSPA5,0.5677238
6138,DDX39B,0.5686611
7199,CD80,0.56923777
530,NONO,0.5695609
7652,EBF2,0.5700339
14359,MAZ,0.57041407
3826,FHL5,0.5712445
5301,FUS,0.57130164
5873,PRDM6,0.57171446
16553,SOX15,0.5718566
16444,TSSK4,0.57199746
19730,ZNF221,0.57286
18082,HSPA1A,0.5740416
1844,AEBP1,0.5740575
5341,APOE,0.5745522
4560,GLI2,0.57482344
711,YWHAQ,0.5751648
4664,CAMK4,0.57528466
16514,NDUFA13,0.5758985
17432,PSME2,0.5761901
15468,MORF4L1,0.5763989
5859,HSPD1,0.5766155
1811,ZBTB16,0.57668936
12664,FBL,0.57697743
13696,PPP2R1A,0.5774221
16690,PDCD4,0.5787182
16008,AMH,0.5787732
13197,TXNIP,0.5791119
15645,PSMA7,0.57919353
13155,IRF4,0.5795409
7251,NRG1,0.5797411
15367,NR5A2,0.5801799
3554,HLA-DRB1,0.58018655
8979,UCN,0.5804217
13982,ZNF154,0.580603
16894,HAND2,0.5808219
3017,SPIB,0.5808813
7019,HNRNPU,0.58101815
16404,PSMB1,0.58177537
14260,SFRP2,0.5817932
17108,ARF4,0.581877
16041,SALL4,0.5819066
13015,SMAD9,0.58235526
2950,BEX1,0.5824704
15334,HOXD3,0.58258414
16271,PYDC1,0.58295184
11809,ILF2,0.5831614
15229,CSNK2B,0.5835152
16038,ZNF208,0.58398503
14048,TWIST2,0.58403647
9581,NR4A3,0.5844234
14759,PYHIN1,0.58451664
3876,CAND2,0.5849698
11811,SLA2,0.5849878
14081,HNRNPD,0.5853329
14420,OTX1,0.58542883
5581,PRDX5,0.5855434
7874,HNRNPF,0.585744
6912,SPAG8,0.58578974
2475,FLT3,0.5861677
18260,NEDD8,0.5863722
4730,HES2,0.5867866
10290,XRCC6,0.58715796
17857,AIM2,0.58792835
12888,SFPQ,0.58857566
19602,TMPRSS6,0.5885839
13989,SAMD13,0.58867985
10219,E2F7,0.5893622
14230,TCP10L,0.58979964
638,HOXB5,0.5902569
9094,ATOH8,0.5905488
17479,PSMB3,0.59066635
437,RIPPLY3,0.5906978
1749,NLRC4,0.59078074
14647,PSMD8,0.59093165
13021,ZFHX4,0.59096754
14069,PRAME,0.59117067
13520,IL18R1,0.5914674
19002,HOXC4,0.5920573
376,NDP,0.5925475
6530,ZNF177,0.592614
6919,ZNF460,0.59261936
15119,HOXA3,0.5928647
773,HIC2,0.59371996
16022,EBF3,0.5937964
10500,ZNF572,0.5942933
17588,PSMA6,0.5944538
1510,HYAL1,0.59461796
9386,EPCAM,0.5948492
17113,ZNF214,0.59486586
294,FGF2,0.5949002
1738,CBX3,0.59498894
18356,PSMD4,0.59506184
19396,HAS3,0.5955666
11759,YWHAB,0.59633464
11382,ZNF699,0.59636736
15575,MLF2,0.59687644
10368,ETV2,0.59699655
19547,SAP25,0.5971888
10349,BEND6,0.59747165
1857,DKK1,0.5975597
12095,ROR1,0.59758306
47,TBX5,0.5977665
1231,NUPR1,0.5977744
7460,TNF,0.59856784
17875,CTNNB1,0.59899914
16384,PHB,0.59932363
14067,ZNF334,0.59989
19199,PBX4,0.6005641
3035,L3MBTL4,0.60074323
5055,NPAS1,0.6009221
12476,COMMD6,0.60113835
1793,UBE2D3,0.60115206
1057,HSPA1B,0.60121745
7568,BMP6,0.6017043
5654,NRL,0.6017872
3570,VAX2,0.60198617
7234,JUP,0.6023539
18313,ZNF491,0.60254115
3728,CYTL1,0.6028482
855,PAX8,0.60299146
15551,SAP18,0.6032377
8154,ELF3,0.60327154
14559,ADRB2,0.60337657
18394,SATB2,0.6038432
15850,ZNF891,0.6038472
1063,TBX6,0.6041855
16785,DDX17,0.60441786
5717,NR3C2,0.6047579
11234,PSMB7,0.6049301
16860,ZFP37,0.6051011
7688,ZKSCAN7,0.605232
5247,ZNF233,0.60533196
12572,ESRRG,0.6056466
17100,ZNF257,0.6057132
2509,RUNX1T1,0.6057487
1149,CD28,0.6058875
19283,PRKCB,0.6059379
7951,PSMD2,0.6067446
18254,FZD5,0.6068577
9902,EN1,0.6070345
3510,ZNF442,0.60709155
8747,YY2,0.60709256
7032,FLOT1,0.6071077
14265,DLX3,0.607355
9511,PHB2,0.60744053
8624,TLR6,0.6075339
10034,TFR2,0.60778254
12158,POLR2L,0.6080636
8665,PRDM5,0.6081108
6511,HLF,0.60816544
17727,ZNF683,0.608196
12468,BHLHE40,0.6085585
13904,ZNF837,0.60928535
14357,TSHZ2,0.6093897
4272,EZR,0.6094747
18704,GSC,0.60950786
10009,GRHL3,0.6096054
14551,TP73,0.6096749
84,XRCC5,0.6097715
4413,EDA2R,0.609817
13157,SCML2,0.6098714
12780,ZFP2,0.6104135
9989,KRBOX1,0.61049104
9626,USP2,0.6105143
9425,OSM,0.6106446
5024,GAL,0.6107154
13739,HOXB4,0.6107623
12630,GTF2I,0.610893
6175,EID2B,0.61106515
2786,APEX1,0.61106724
1636,BRD2,0.6111178
11794,SREBF1,0.61126506
19606,ZNF575,0.6112671
12015,DNAJA1,0.61134535
15937,RCOR2,0.6119895
2759,LAMTOR5,0.61207545
10361,CREB5,0.6121857
13874,TNNI2,0.6124331
7023,ZSCAN20,0.61251324
16850,GATA3,0.6126154
16448,ZNF300,0.61284506
1718,MEOX1,0.61294234
5396,ZNF284,0.6131445
18864,NLRP3,0.6133075
2777,MAMSTR,0.613514
14317,MEOX2,0.61389744
12094,ZNF546,0.61409235
5119,ZNF667,0.6142487
1272,SIM2,0.61425024
8920,ZNF286B,0.6145353
6398,PSMA4,0.61472917
8117,GPER1,0.6148259
13923,HOXA4,0.61511594
10444,ZIK1,0.61548275
431,ZNF471,0.6155127
17035,ZNF706,0.61572284
18685,RHEBL1,0.61591536
9600,ZNF391,0.61600256
19603,EWSR1,0.61608016
18570,PRDX3,0.6162998
7167,ZNF311,0.6164212
16269,RAD21,0.6164672
18408,TBX18,0.6165413
761,ASCL2,0.6166035
3831,IRAK3,0.61662775
8432,SOX10,0.6167995
11012,ZNF70,0.6168278
5906,FGF10,0.616834
16023,CHD4,0.61684686
1434,PSMA1,0.616942
10482,PSMC5,0.61729103
11120,PSMA2,0.6174615
5408,STAT4,0.61751175
18038,ZNF502,0.6176909
9128,RBMX,0.61778414
753,ZFHX2,0.61800426
14194,YWHAH,0.61810106
13786,HMGB2,0.6181689
10282,BCL11A,0.61818266
15317,TSC22D1,0.6182769
8639,SPP1,0.618279
7751,MAGED1,0.6183702
2840,TAF10,0.61843616
15902,RBBP7,0.6184781
6126,SOX17,0.61857027
8361,ZNF695,0.61862415
827,MEF2B,0.6186907
7204,ENY2,0.6190622
13818,HNRNPAB,0.6190858
14573,SOD2,0.61934054
15803,SRSF2,0.6196807
17731,SHOX2,0.6204453
19452,FOXF2,0.6205598
19131,MESP2,0.6205688
13997,ZNF229,0.62057996
17389,PSMB6,0.6206035
5587,ZNF354C,0.6206055
6007,KRBA2,0.62082374
6190,RALY,0.62106967
6831,ZNF852,0.6211526
13403,ZNF540,0.6211816
1566,RNF10,0.62118596
4396,ZFPM2,0.6213984
8008,WNT11,0.6214103
14088,TBX19,0.62147874
3412,ADIPOQ,0.6215978
16184,ZNF280C,0.6216883
4857,HDX,0.6218544
4936,ZNF709,0.6220864
6301,SMARCE1,0.6221943
2937,CD38,0.6223826
328,SRI,0.6224546
1047,C1QBP,0.6225868
15505,TNFRSF11A,0.62261415
18243,POU2AF1,0.62262946
12706,PRKAR1A,0.62266475
18156,FOSL1,0.62277067
10303,SUMO1,0.6228302
6072,UXT,0.62306345
3853,SF1,0.62311596
6573,ERBB2,0.6232014
17509,OSR1,0.6233145
2250,ZNF658,0.62343794
12702,ZNF774,0.6235403
12359,HOXA9,0.6237397
14575,ACTR3,0.62394
18830,USF2,0.6243434
17827,PTPRT,0.6243853
15864,HOXA5,0.6244658
9064,ZNF382,0.62448204
16629,HESX1,0.62477684
9208,BNC2,0.6248301
13254,VGLL3,0.6248945
14627,IL6,0.6252817
18598,PSMC3,0.6252876
18224,ACTN1,0.62535924
10516,CDK5R1,0.6254692
6679,POLR3G,0.62548286
19340,PSMB5,0.6255032
12963,KHSRP,0.6255416
19094,PKIA,0.6256414
8444,ZFP69B,0.62592113
14775,EGF,0.62595856
9702,PSMA5,0.62597626
10025,HOXC8,0.62597805
4421,IRF2BP2,0.62609524
4926,TOX2,0.6261173
16187,FOXI1,0.6261336
4838,IRAK2,0.6262683
11868,CPEB3,0.62628484
15764,EFNA1,0.62680876
13369,BEND3,0.6270275
14168,TNFSF8,0.6271686
2093,HOXC11,0.62718767
14935,ZMYND15,0.62729615
5235,CCND1,0.6275903
4566,UBE2I,0.62791747
17610,PSMA3,0.6279969
11877,PCNA,0.6281115
12256,PTCH1,0.6284785
9356,HAX1,0.6286458
12028,CPNE1,0.6286501
5286,LITAF,0.6286586
10305,ZNF674,0.6287673
1119,MN1,0.6288401
771,HEXB,0.6288416
5352,TP63,0.62889606
4341,MAMLD1,0.6289203
18967,EID1,0.62902075
4943,PSMF1,0.6290844
7647,TCEAL7,0.6291252
12149,ADD1,0.62931234
5324,ZGLP1,0.62935454
8801,SERPINF2,0.62940896
17820,NUCKS1,0.62995994
2975,GLO1,0.630033
382,E2F2,0.6301411
15024,ADIRF,0.6302895
5415,ZSCAN22,0.63039196
16908,ZNF662,0.6305248
14990,ZNF711,0.6305846
5798,HOXA7,0.63075083
14489,GATA6,0.63076586
5719,ZNF169,0.63088113
5531,POU2F2,0.6308871
442,IRX1,0.63134456
19300,CITED1,0.6314854
14729,ZNF879,0.6314855
11117,SSU72,0.6316387
3031,PTOV1,0.6318586
18807,PSMD13,0.6319879
17673,CIB1,0.6320208
18694,LHX6,0.6322157
17160,ACTR2,0.63234144
9532,SUPT4H1,0.6323658
4339,ZNF132,0.63280547
9115,PA2G4,0.63293964
9987,AGER,0.6332818
6490,PEG3,0.63361704
14886,ZNF285,0.63368577
16134,DHX9,0.6337858
6717,ZNF620,0.6337969
3599,TAF4B,0.63388675
14712,E2F8,0.6339576
16233,AKT1,0.6339974
11743,ZNF490,0.63400275
6507,CARD11,0.6340333
12560,TGFA,0.6341064
17185,MSX1,0.6341497
18405,PSMD3,0.63420635
4774,LIF,0.6342316
14552,PRKD1,0.6343323
10189,ZNF860,0.63446265
5663,DRAP1,0.63485104
12125,GLIS3,0.6352506
15882,ZNF425,0.6352586
5683,DAP,0.6353764
10539,TSC22D3,0.6355327
8841,ZNF404,0.6357863
19268,TAF15,0.6359065
5274,NFKBIA,0.63603777
9457,YBX3,0.63611305
6655,UBE2V1,0.63639385
11907,ZNF90,0.6364347
3178,BMP7,0.6364768
11348,CDK5RAP3,0.63706696
3781,ILF3,0.6373633
9628,TESC,0.6373849
19617,STRAP,0.6374041
10156,ZNF624,0.6374091
10435,ZNF782,0.63765043
6554,NFE2L1,0.6378465
19552,ZNF829,0.63786876
4957,PDLIM1,0.63817525
18235,STAT1,0.6381997
17600,ZNF805,0.638353
19360,MAF1,0.6385271
17641,SND1,0.63863194
15283,KHDRBS1,0.6386695
12266,ZSCAN12,0.63869876
17652,DNAJB1,0.6387606
14652,IKZF2,0.63901633
13103,ZNF501,0.639059
3604,CREB3L4,0.6390886
13346,ZKSCAN2,0.639185
16807,RTKN2,0.6392752
8610,HGF,0.6393378
16334,ZNF66,0.6393407
5932,BATF3,0.63940376
10510,SHC1,0.639414
9409,GTF2A2,0.63946897
19298,ZXDA,0.6397712
17900,WBP2,0.63978827
9593,SOX7,0.63983905
56,NFAM1,0.63985944
11242,IRF9,0.64000547
13477,ZNF597,0.640029
4180,PSMC1,0.64020467
11041,BUD31,0.6405032
9131,BRIP1,0.6407288
9274,PARP1,0.6408916
9909,ELP2,0.6409065
2494,ACVR2B,0.6409282
10674,ZNF484,0.6409535
17646,DNMT3B,0.641069
5919,ORC1,0.6412364
8856,HIGD1A,0.6413683
18250,CDH1,0.641668
11636,ZNF81,0.64173675
13630,PID1,0.64179003
6517,MC1R,0.6418614
6790,UBE2N,0.6418854
14753,ZNF470,0.6420299
231,HOXD9,0.64226156
7859,SCAI,0.6423332
14201,PAX9,0.6423479
5130,UBE2B,0.64240974
12392,DLL1,0.64270914
831,DPY30,0.642875
7832,TBX15,0.6430265
12069,AASS,0.6431025
13834,SNF8,0.64312273
18114,DDX3X,0.64318
18406,ZFPM1,0.6432781
19501,PRKDC,0.6437266
18237,SIX2,0.6437345
18886,ZNF230,0.6438555
9227,ZNF547,0.64385766
15203,TNFRSF1A,0.6440631
17216,ZNF225,0.6440964
3824,TSG101,0.6446344
12874,ZNF750,0.64468235
3101,PPP2CA,0.64472604
6102,ZNF423,0.64488894
19467,ILK,0.6449282
5519,BTG2,0.6449694
18680,ZNF8,0.6449831
2107,CAPN3,0.6450139
1577,BTG1,0.6450381
7695,STAT3,0.64511275
2469,ZNF583,0.645128
4011,PCBD1,0.64516455
16647,RFX3,0.6452252
8279,HSBP1,0.64532846
8846,ZNF573,0.64533687
17136,TAF5,0.6453376
6370,NCOA4,0.64541006
14953,ZNF778,0.6454236
10639,L3MBTL1,0.6455808
10027,GRIP1,0.6456765
18831,FER,0.6457635
8837,CTBP1,0.6457853
461,CREG1,0.64581114
1875,POLR2K,0.6458678
5098,ZC3H6,0.64596397
9126,PICALM,0.6460317
1305,DTX1,0.6460639
19324,PLAC8,0.64609796
10515,MAPK3,0.64612687
2868,SP140,0.646154
11312,FOXP3,0.64672303
4836,SP4,0.64672405
4368,PLXND1,0.6468603
774,STOX1,0.6469208
3755,PSMB8,0.64707476
586,PPARA,0.64719546
8013,ZBTB37,0.6472833
6029,ZNF684,0.64730805
5140,TOB1,0.64735615
934,TAX1BP1,0.6475246
9417,NOD2,0.6480705
6417,LPAR5,0.64815784
19455,ZBTB39,0.64821345
2516,MAP2K2,0.64826554
3357,EBF1,0.64831865
6228,IL1B,0.6483579
17396,JUND,0.6483756
473,CHCHD10,0.64840704
7679,RFXAP,0.64841014
14884,ARNTL2,0.64869654
15144,ZNF628,0.64879686
8478,HOXB6,0.64883256
3288,CTH,0.649188
12677,ZNF582,0.6492986
5565,CX3CR1,0.6494342
2814,UBE2L3,0.6494598
4448,ZNF630,0.64953727
17334,CDCA7,0.64955014
15491,TNFSF4,0.64961064
4785,FOXO6,0.6497044
5039,PSMC4,0.649762
16681,TGIF1,0.6498246
6547,PSMC2,0.65003765
18579,HP1BP3,0.6501544
15100,PRDM11,0.6501669
1996,HMGA1,0.6504471
7290,ZNF235,0.6505298
13363,HAMP,0.6506427
9124,TAF9,0.6506464
5517,ZNF596,0.6507057
4362,ZNF530,0.6507091
10594,TCF25,0.6508378
15775,HDAC1,0.65086174
16350,SMARCD2,0.65086573
6505,TFCP2L1,0.6509751
6906,CKS2,0.651001
16541,HEY2,0.65117776
3657,ZNF713,0.65119785
17684,HOXA10,0.6512582
1493,SUPT5H,0.6513868
5080,JUNB,0.65157104
19469,ZNF497,0.6516005
11644,SAMD11,0.6516102
17202,FOXS1,0.65161264
14828,FOS,0.6516975
18773,PQBP1,0.6517096
3761,ZNF519,0.65179634
3448,CNOT1,0.6519006
11727,NGFR,0.6520794
10329,TF,0.6521546
4621,BATF2,0.6521676
4576,ZFP36,0.652292
11387,ZNF543,0.6523762
19156,ZNF462,0.6525091
6142,PGBD1,0.6525245
13927,BEND5,0.6525254
14809,FOXA1,0.6525918
15708,CCAR2,0.65260226
15009,HDAC2,0.65265125
6743,RFXANK,0.6527108
17173,PGR,0.65277034
1143,SNX5,0.6528171
16517,RARB,0.65294206
16714,ATF6B,0.6529579
2128,NELFCD,0.6531688
12738,LGALS9,0.6532977
16390,SMARCA4,0.6533615
10592,TCEA1,0.6534898
11028,ERBB4,0.653509
19293,ELF5,0.6535639
9829,ZNF813,0.65356666
4746,ZNF112,0.6535983
8671,ZNF570,0.65366447
8278,ZNF697,0.65369123
14539,ARID3B,0.653802
4665,HDAC9,0.6538298
10847,CDK16,0.65397114
6101,PSMC6,0.65399915
17663,SMAD6,0.65405905
17667,RUVBL2,0.6541907
13838,ZNF792,0.6542479
15208,EGLN2,0.6542564
4760,BRCA2,0.6542626
6690,ZNF726,0.65426266
10183,PSMD11,0.6543066
6722,CTDSP1,0.65439713
5787,HSF1,0.65448403
4075,GNL3,0.6545266
12295,PAM,0.6545288
13550,EDNRB,0.6546379
9970,SNCA,0.6546717
18279,LRP5L,0.6546823
6489,ZBTB49,0.6546976
5997,ALYREF,0.6547249
14617,TFEC,0.6549884
12703,PBX1,0.6549945
11647,ZNF763,0.65501446
19641,ZNF619,0.6550247
17888,DEPDC1,0.6551479
4938,ZNF681,0.6553041
9498,ZNF563,0.65534747
19320,ZKSCAN3,0.6553559
17155,ZNF503,0.6553823
1044,ZNF557,0.6553827
10390,ZNF551,0.6554006
2369,NELFE,0.655463
16617,YY1AP1,0.6554799
3195,NKX3-1,0.6556603
2956,COMMD7,0.65581304
18479,MBD2,0.65592444
9252,ZNF2,0.6559639
6303,ZNF527,0.6560135
18591,IL1RAP,0.6560302
16760,HMGN3,0.65606266
2784,ZNF345,0.6561465
715,SCML1,0.6562195
15041,ID2,0.6563477
15310,ANXA4,0.6565593
17919,CARF,0.6566105
300,PRDM10,0.6566161
7143,KLF12,0.65661895
478,ZNF555,0.6566445
4383,ZNF594,0.6568199
7134,ZNF625,0.657017
1739,ZFP28,0.65706384
9624,LRP8,0.6571351
430,PSME3,0.6571728
4218,MAPK10,0.65717924
6589,SPDEF,0.65727055
961,FRK,0.6574298
3359,TBX1,0.65744925
18333,LILRB1,0.6574866
3107,KCNIP3,0.6576407
926,ETV7,0.6576866
7866,TRIM6,0.6576919
15077,REPIN1,0.65781707
1777,LYL1,0.6578898
19065,TAF7,0.6580223
8439,PRPF6,0.65817857
15509,HOXC13,0.6582728
10681,ZNF236,0.65830433
3290,ZNF664,0.658506
4226,SPIN4,0.6585338
19097,COPS5,0.6585414
15363,ZNF665,0.65864766
7854,SORBS3,0.658668
819,ZFP3,0.6586698
19231,TFAP2B,0.6588365
16039,SRRT,0.65883803
16556,ZNF165,0.6588766
8659,ZNF793,0.6589382
12663,PRDM15,0.6589753
1746,IKZF4,0.65916103
15451,SP6,0.6592113
16686,ZNF853,0.65926546
14597,ZNF569,0.6593378
16152,ZBTB34,0.65934557
1748,MYCL,0.6594041
2313,ZNF449,0.6594389
10553,IER2,0.65947986
7692,MEIS2,0.65948635
7136,CBX1,0.65951294
5994,SAP30BP,0.6595789
2774,ZNF771,0.6595872
19689,ZNF554,0.6596267
10668,PHC2,0.6598029
11358,STAT2,0.65982497
5448,IL33,0.65984017
5796,WAC,0.6599189
19161,ATN1,0.6599518
18587,ZNF671,0.65997833
15812,PIH1D1,0.6599888
2548,ZFP69,0.6599896
13950,ZNF77,0.6602042
1536,HDAC4,0.6602258
261,USP22,0.6602755
6409,ERCC1,0.6603946
13417,ZNF175,0.66044545
2863,ADCY1,0.66048795
1551,ZNF772,0.66049325
3830,ZNF19,0.6605462
14104,PSMD1,0.66063833
8589,PSMD7,0.66069484
15382,PDE2A,0.6607261
2454,SLC2A4RG,0.66074216
2331,RBCK1,0.6609039
19055,ZNF441,0.66095734
691,ZNF565,0.6610805
16232,ZNF222,0.6611647
13652,MRPL12,0.66119075
7081,POU2F3,0.6612073
5884,SRSF10,0.66121966
13833,PRMT2,0.6612405
13618,MAML3,0.6612471
14139,JUN,0.6612613
4170,ZNF485,0.661276
19720,PLCB1,0.661433
19512,APLN,0.66149354
9482,PMF1,0.6615151
3083,IKZF1,0.6615447
15858,IRX3,0.6615451
11714,KDM8,0.66155684
18359,ZNF549,0.66157514
3544,ELOF1,0.66161394
5867,BRWD3,0.6616565
9779,UBA2,0.66170233
14817,NFATC2,0.6617195
14671,SUPT16H,0.6617539
11266,GSK3A,0.66179323
12709,SDR16C5,0.66189724
16441,MACC1,0.6619643
19464,PBXIP1,0.66201055
6392,DDRGK1,0.6621609
14842,BCLAF1,0.66216326
8662,GPBP1L1,0.6622132
6162,TSHZ3,0.6622237
976,TLR3,0.6623365
12199,FLOT2,0.6623593
4317,ZNF610,0.6623921
14982,DDX1,0.6624371
18701,TRPS1,0.6624466
13226,ZFP14,0.6624889
19686,FOXC1,0.6625041
4575,CAND1,0.662541
7813,G3BP2,0.66262394
1286,RIPK4,0.6626496
14558,SFMBT2,0.6626676
11542,MET,0.66266966
16599,PSMD6,0.6627838
2924,ITGB1BP1,0.6628307
2987,HR,0.6629127
9991,ZNF283,0.6629279
830,ZNF367,0.662953
5977,RBPMS,0.66298336
3621,ZNF407,0.66311795
17293,CAMTA1,0.6631532
3805,MECOM,0.6632101
13661,ZNF20,0.66325617
6705,USP7,0.66328156
16030,ZNF416,0.6632846
15056,SMARCB1,0.6633341
18838,ZNF223,0.66336584
259,ZNF341,0.663506
18464,ZNF296,0.6636423
15192,CUL3,0.66365767
8147,TNIP1,0.66365945
17676,ZNF319,0.6637675
14726,IRAK1,0.66382146
15706,TRIP12,0.66382957
16253,MESP1,0.6638581
5253,DNM2,0.6638723
13610,THRAP3,0.66392744
10538,SMARCA2,0.66401255
13766,ZNF146,0.66402084
9662,MTDH,0.6640496
17548,ZNF69,0.66410357
19279,EGFR,0.66419595
13788,LRRFIP1,0.66434216
4129,C3orf33,0.6645228
11831,TRAF1,0.66453964
3696,PKN1,0.66456157
2825,VEGFA,0.6646674
6522,ZNF324B,0.66467136
4496,TNFRSF4,0.6647363
6095,IGF1,0.66492033
9919,HHEX,0.66494864
7442,MAML2,0.6649774
10647,HMGB3,0.6649778
2789,YY1,0.6650193
19565,L3MBTL3,0.66505307
1544,CCNE1,0.66506153
7097,ARHGEF2,0.66509956
12570,NOP58,0.6651655
6493,TBX2,0.665203
3593,SLC11A1,0.6652635
4939,GPBP1,0.66528636
15220,ZNF717,0.6653492
463,DEK,0.66547954
11331,ZFHX3,0.66549194
13720,MYBL1,0.66550815
19497,WWP1,0.6655231
11442,PEX2,0.6655457
3872,ZNF571,0.6655633
11452,CBFA2T3,0.66561294
459,ZBTB3,0.6656559
14251,ZNF670,0.66565925
101,PSMB10,0.6657146
11957,NFE2L2,0.6657654
13199,ZNF71,0.66585195
10274,MLLT11,0.6658968
2563,STAT6,0.6659246
6082,RBX1,0.6659863
11227,RARA,0.6660199
2284,ZNF79,0.66606337
17333,ZBTB46,0.6662237
13545,NOLC1,0.6663043
16947,ERCC6,0.6665176
5161,URI1,0.6665398
14275,LOXL3,0.66665655
4113,ARID3A,0.66666025
1194,KEAP1,0.66675824
2452,RFX2,0.66680515
4316,ZNF808,0.66681665
10332,RBM15,0.6668416
14863,UBTF,0.6668598
1641,DCAF6,0.6668696
3960,NAMPT,0.6670218
2087,ZNF30,0.6670355
5147,DRG1,0.6670413
19355,ZNF714,0.6671802
1569,MED24,0.66727847
14225,VPS72,0.6672897
19042,PYCARD,0.66738474
10382,ZNF57,0.667423
16544,LIME1,0.6675004
6023,ACTL6A,0.66752005
17902,ZNF614,0.66753817
7689,ZFP82,0.66757196
19725,PRMT5,0.6676602
5871,DACH1,0.66769266
19169,ZNF696,0.66771674
3159,MAX,0.6677286
4955,TRIM8,0.6677829
9198,NLRP2,0.6678116
2798,AGT,0.6678293
1969,RGMA,0.66791165
8783,ZNF347,0.667941
17052,SAFB,0.6679476
15094,ZNF383,0.6679636
2314,HIC1,0.6679897
1141,CTBP2,0.6680142
3562,NCOR2,0.6680399
12013,CHMP1A,0.6680635
18103,TIAL1,0.66806537
11451,RELA,0.66810143
2447,PSMD9,0.6681131
10048,HBP1,0.66815764
13060,CITED2,0.66821235
12786,ETV1,0.6683965
7714,ZNF439,0.6684336
7285,POLR2A,0.6684812
17385,TFDP1,0.66848373
3039,AGRN,0.66848755
13384,IFI16,0.668565
9756,MTA2,0.6685663
10403,TFAP2A,0.6685703
9454,GLYR1,0.6686133
13425,ZNF234,0.6686362
2254,ZNF396,0.6686439
12067,SMAD2,0.6686538
5088,ZNF135,0.6687087
16017,ZNF287,0.6687179
4676,SNX6,0.6687819
969,MEIS1,0.6688065
17996,F2RL1,0.6688775
15417,KLF8,0.6688866
14594,CALCOCO1,0.668998
17075,RPS6KA5,0.6690897
8517,SPIN3,0.66912854
9302,MTPN,0.6692412
11584,MYO6,0.6692535
4060,ENG,0.6692598
8771,BLM,0.6693015
6237,PTGIS,0.66932327
3754,KMT2B,0.66932684
14737,ZNF256,0.66936904
2540,ZNF784,0.6694095
16047,SNW1,0.66945726
7576,NFIC,0.6694962
7010,HAT1,0.66955763
2990,HES1,0.6695645
15066,CDKN1A,0.6695861
11191,COMMD1,0.669613
11824,POLE3,0.6696315
2352,NOC2L,0.6696422
13230,TADA3,0.6696739
4174,ZNF182,0.6696948
1699,POU6F1,0.6697638
12861,MITF,0.66988355
14942,RORA,0.6699028
9414,FBP1,0.6699431
10466,EGR3,0.6700423
9319,NUFIP1,0.67006063
14490,BMI1,0.6700723
19191,ZNF17,0.6700784
4854,PAF1,0.6701655
644,TCEA3,0.6701675
8246,ZNF100,0.670211
9587,DNMT1,0.670248
10942,ZBTB8A,0.6702499
15343,DAXX,0.67033744
4810,ZNF708,0.6703564
19243,EIF4E,0.67038584
12165,ETV4,0.670389
6617,CXXC5,0.6703925
15644,FOXN2,0.6704226
11902,CHD3,0.6704336
17194,CMKLR1,0.670436
17602,LTF,0.67050403
6291,IGBP1,0.67051464
6749,ZNF426,0.6705156
14668,PSMD10,0.67053884
14214,ZBTB26,0.67054164
19407,PPP1R13L,0.6705497
18437,LCORL,0.6705531
1464,REL,0.67069995
18781,ABHD14B,0.6707971
7473,WNT4,0.67083204
16838,ZNF445,0.67083776
13623,ZBTB7B,0.6708568
17500,FZD2,0.6708786
862,CHP1,0.6709017
16540,CCNL2,0.6709109
119,FHL2,0.67100906
17830,ZNF487,0.6710519
18240,JMY,0.6711363
11822,KDM1A,0.6711687
18903,ZNF607,0.67118156
54,RHOG,0.67122275
18671,EGR1,0.6712507
11804,PAK6,0.6712545
3420,TCF3,0.67129254
5964,S100A9,0.67130226
12485,SNAI1,0.67130476
9394,IRF3,0.671326
8394,RUNX3,0.6713601
5815,USF1,0.67142165
15350,RAF1,0.6714424
915,SOX4,0.67145205
18032,HTATSF1,0.6714576
1277,CBX2,0.671595
4133,SLTM,0.67161447
12988,ZNF264,0.67168564
5662,WNT2,0.6717218
8666,TAF1D,0.6717834
4397,IRF6,0.671784
11706,ZNF155,0.6718349
15867,PSMD14,0.67185664
1172,AP3D1,0.6718776
17057,KLF6,0.6718777
2299,CENPJ,0.67187893
1290,PSMB9,0.671885
3056,HRAS,0.6719061
8373,AIP,0.67191213
11112,ZBED3,0.6720067
15821,ZNF461,0.67201924
1571,ZKSCAN4,0.672097
13000,ZNF790,0.6721663
7747,ZNF550,0.67224073
18314,ZNF678,0.67231256
17276,WNT5A,0.6723246
10377,PLAGL1,0.67242557
15594,ZNF10,0.67262006
12869,TRIM68,0.6726334
7673,CAT,0.6726503
12995,NFAT5,0.67268765
13068,TLR4,0.67271364
17853,BRD7,0.6728819
4181,FAM89B,0.6729195
17085,RUVBL1,0.67298126
3281,ZNF677,0.67304474
5150,CIT,0.6730478
5905,ZBTB25,0.67306834
15620,ZNF443,0.6730695
11275,MYC,0.6730762
19157,DAPK3,0.673144
2698,ZNF418,0.6731889
14369,MSX2,0.6732797
15241,ZNF845,0.6732811
17631,PIN1,0.67331326
16819,KDM2A,0.6733212
3775,GTF2F1,0.67334586
238,EHMT2,0.67335325
13082,SP100,0.6733988
11503,PLSCR1,0.6734096
13709,ZNF682,0.67344725
12975,ZMYND11,0.67352784
1416,COPS2,0.6735699
7194,VGLL4,0.6735895
12761,KAT2B,0.6736133
10741,PSMB2,0.6736271
11086,TRERF1,0.67370844
12511,EAPP,0.67372376
13101,PSME4,0.67375267
2326,PHF1,0.6737687
3746,ZNF608,0.6737744
13412,GAS6,0.6737944
17561,MDM2,0.6738674
280,ZNF799,0.6738738
15839,CCAR1,0.67394304
17309,SS18,0.67395204
1193,ZBED6,0.6739592
15519,TLE6,0.67400587
9914,GATA2,0.67406243
6312,SIGIRR,0.67412156
358,ZNF32,0.6741483
13634,SIAH2,0.6741673
14556,CREB3,0.674256
17328,PTAFR,0.6743211
13815,PXN,0.6745588
12809,ZNHIT3,0.6746584
1922,ADNP,0.6746628
18376,BRMS1,0.6747914
11177,CHURC1,0.6748302
19374,CIAO1,0.67483026
8436,ZNF486,0.6748552
19189,EDN1,0.6748579
460,POU2F1,0.6748624
11492,MED4,0.6749042
10391,SIX4,0.6749263
16005,BTK,0.67493963
5536,MSC,0.67503136
1822,CRYAB,0.675048
1859,TET2,0.6750681
11484,PARP9,0.675077
18461,ZNF41,0.67520213
11966,GPS2,0.6752741
2348,TRAIP,0.67529
7959,ZNF438,0.67529213
18589,LIN9,0.67532593
15988,ZNF124,0.67541397
4376,ZBTB21,0.67541665
10768,KIT,0.6754463
15712,MTA1,0.6755754
18297,SPIN1,0.6755785
15313,CDKN1B,0.67560357
16024,RNF31,0.67569864
12736,ZNF703,0.6757154
5971,ZNF324,0.67572564
9289,ZNF493,0.67574304
5836,HDAC3,0.67578155
68,CDK9,0.6757852
12939,NCOR1,0.6758096
1776,BCL3,0.67584157
11329,PPM1A,0.67585975
12955,ZNF433,0.6758985
14705,ZNF786,0.675914
18888,ZNF611,0.67594445
5114,ZNF701,0.6759448
7534,ZMPSTE24,0.67598784
13978,ING4,0.67607296
5804,DDX54,0.67608476
2626,ZNF605,0.6761014
2058,BRMS1L,0.67614996
5094,AKAP8L,0.67616105
18257,ZNF518B,0.67619544
4885,TAF3,0.67619574
15227,RBM23,0.6762112
3264,PITHD1,0.67625445
11933,EFCAB7,0.6762932
16482,ZNF35,0.67629796
12184,FGF1,0.67630607
2582,NCF1,0.676319
14310,ACVR2A,0.67635566
19411,ZNF25,0.6763675
16483,OVOL1,0.6764067
19527,ZNF773,0.67643166
8986,ZNF841,0.67644274
11899,ZNF780B,0.67648685
19477,ERG,0.6764932
32,TSFM,0.6765088
10151,PARD6A,0.67651176
13287,ATAD2B,0.67655283
17870,CNOT7,0.6765693
18522,ZNF202,0.67660874
11796,UBP1,0.67665344
6446,SETDB2,0.6766543
11494,MTF1,0.67667854
9175,TLE4,0.67669165
18667,THRB,0.67672145
9497,ZNF430,0.6767282
12789,PIAS3,0.6767376
13775,ZNF516,0.67675626
5009,NUP62,0.67676866
12656,TERF2IP,0.67677534
9742,CCND3,0.67679256
15924,ZMIZ2,0.67683303
16835,CAMK1D,0.6768585
17468,BAP1,0.6768644
14266,TPR,0.6768774
1254,ZNF616,0.6768786
15763,ZNF613,0.6769662
13625,ZNF654,0.6769717
12654,ZBTB24,0.676984
19551,NUP85,0.6770153
8397,HCFC2,0.6770469
8625,LDB1,0.6770764
7253,HLX,0.67713976
18064,CNOT2,0.6771882
13542,TLR2,0.67721665
8906,MTA3,0.67724305
15553,CCNC,0.6772525
6280,ZSCAN5A,0.677279
4770,ZNF34,0.6773082
4155,ZNF567,0.6773112
3041,PTPN14,0.6773448
10209,ERCC4,0.6774116
17095,DNAJA3,0.67746997
9698,ZNF765,0.677497
4166,ARL2BP,0.6775042
5399,MAPK1,0.6775101
11760,TET3,0.67754966
15360,NACC2,0.6776154
3741,ZNF141,0.6776656
19499,CCNL1,0.6776807
2514,NR1H2,0.67770183
18199,RNF14,0.6777274
4377,ZNF526,0.67774504
4960,HIVEP2,0.677747
6740,DLL4,0.67777544
5074,RUNX1,0.6778136
904,TOX4,0.6778421
13938,ARMCX3,0.6778657
2036,CEP290,0.6778705
72,SMARCD1,0.67787415
3255,CHD8,0.6778746
3596,SCAND1,0.67792916
10154,EAF2,0.67793083
12315,EFEMP1,0.67793405
13433,ZNF180,0.677943
15321,SP3,0.6779436
9846,PPIE,0.6779805
16762,LIN54,0.67799455
606,LMO4,0.67803013
1046,AATF,0.6781617
10488,SSBP3,0.67817694
8608,NEDD4,0.6781818
4691,TLE3,0.67820495
4128,NFYC,0.67824894
10275,PCGF2,0.6782661
4422,DCAF13,0.67830354
1178,NOD1,0.67833215
11697,HYAL2,0.678351
1250,EPAS1,0.6783886
15513,ZNF117,0.6783948
17245,ZNF410,0.6783964
3291,ZNF23,0.6784346
16865,MAPK8IP1,0.6784562
8578,PPARG,0.6784614
18073,ZNF615,0.67847985
18414,ZNF599,0.67849976
8916,TNFRSF10A,0.67850435
11912,SUPT3H,0.6785573
5138,TWIST1,0.6785742
5407,SERTAD3,0.67862093
11918,TOP2A,0.67862284
16327,HIF1A,0.6786367
1944,HDAC6,0.6786421
9844,TCEA2,0.67864984
16745,IRF1,0.67865145
8,PSMD12,0.67865515
4737,ZNF865,0.6786577
8688,MYPOP,0.6786743
16312,PSEN1,0.6786903
17689,BAG3,0.67873216
3354,ZMIZ1,0.6787396
19352,FOSL2,0.67875713
18013,ZNF358,0.67877316
17399,BBS5,0.6787806
541,ZBTB7C,0.67880857
8969,ZNF473,0.67884755
4994,ZNF600,0.67888767
9370,GPX3,0.6788898
17382,SSBP4,0.6789168
1840,TAF6,0.67891824
4200,PKIG,0.6789487
14508,ZNF566,0.6789588
5179,SREBF2,0.67898345
14588,GOLGB1,0.6790354
5794,PRDM1,0.6790484
15035,ZNF844,0.6790829
3551,TRIM27,0.6791472
9486,CDON,0.6791526
7741,SATB1,0.6791555
7144,ID4,0.679168
7155,NOL11,0.67920244
2168,BPTF,0.6792226
6361,ZNF14,0.6792241
6384,MCRS1,0.6792392
8216,RNF4,0.6792401
17826,ZNF273,0.6792643
8573,ECM1,0.6792985
13304,TGFB3,0.67929995
9044,NUP98,0.6793073
12795,KDM5C,0.67931193
9155,ZNF417,0.67932963
16054,CDYL2,0.6793433
10430,ZNF354B,0.6793718
17510,ZNF568,0.67939836
13479,NFIX,0.67943126
6136,ZNF510,0.6794575
18429,TRAF6,0.6794676
3796,MAPK11,0.6794708
16004,ZNF529,0.67947257
5758,ZNF669,0.67954767
9897,TRIM26,0.67960626
7209,CDH13,0.6796372
10387,TP53,0.6796539
13179,ZNF621,0.6796554
11246,PARP10,0.6797302
9465,ZNF768,0.679755
5858,RFX7,0.6797794
12106,ZFP30,0.6797825
6383,CIITA,0.67983615
19709,FGF7,0.67985153
3762,ID3,0.6798664
5395,GTF2H5,0.6798767
7831,HTATIP2,0.67991483
1289,TBL1XR1,0.67995507
4494,MMS19,0.67995995
1406,PRNP,0.6799641
1222,PPHLN1,0.67997015
7327,KAT8,0.6799869
13639,CEBPZ,0.6800048
19316,TFRC,0.6800145
518,RASL11A,0.68004256
15443,EGR2,0.680058
16955,PATZ1,0.6800843
1269,SETD5,0.68009555
19447,TRIM62,0.68010306
16658,OGT,0.6801047
5659,ZNF749,0.68015844
168,N4BP2L2,0.6801754
4524,UBA3,0.6801884
19345,TMPO,0.68023735
7820,MED25,0.68024445
6952,ZNF736,0.6802544
11367,DPF2,0.68031514
15910,TRIM45,0.6803168
485,JAK2,0.68034023
291,TRIP6,0.680389
16111,TGFB2,0.6803898
11550,WIPI1,0.6803957
7425,ZBTB43,0.6804528
17911,IKBKB,0.6804636
14807,SOX18,0.6805059
16158,CCPG1,0.68055755
8420,METTL23,0.6805919
13526,SMARCC1,0.680609
19049,ZBTB12,0.68062717
1742,KDM5B,0.68064386
6795,ZNF585B,0.6807177
4092,ZFPL1,0.68073434
5145,VEZF1,0.6807389
1400,ZNF333,0.6807495
4742,PBX2,0.68077904
17924,ITGB2,0.6807857
15966,USP13,0.68081445
7980,SFR1,0.68084985
4663,BCL6B,0.68086433
10365,ZNF275,0.6808745
16490,ZKSCAN5,0.6808969
15136,NR2F1,0.6809432
416,ZNF26,0.68094957
1747,DACT1,0.6809642
3098,ZNF653,0.6810492
11987,ESR1,0.6810523
5028,LARP7,0.6810624
4245,ZNF738,0.68107533
3662,HEY1,0.68109214
10423,ASCC2,0.68110245
1312,HDAC7,0.68114
15278,ZNF618,0.6811701
9391,ZNF75D,0.6811855
13620,ZNF564,0.68118876
16428,ZNF589,0.68120515
6532,CUX1,0.6812168
14223,CARD14,0.68123215
7156,CBY1,0.6812342
4436,POGZ,0.6812732
18949,KAT5,0.6812937
10601,CGGBP1,0.6813051
8647,MEPCE,0.6813122
3149,ELF1,0.68131727
7879,PCGF6,0.6813267
19193,LAGE3,0.68134683
455,NFATC4,0.68136394
449,KANK2,0.68139106
14666,CDT1,0.6813913
17220,ZBTB40,0.6814339
268,TAF13,0.6814552
3211,TOX3,0.68145955
9048,HEYL,0.68147
11675,SMARCC2,0.6814953
11543,ZNF248,0.68150014
7528,RNASEL,0.6815066
11056,ZNF584,0.68152994
10770,FOSB,0.68156695
9905,ZNF823,0.6815682
10952,ZNF440,0.68162745
3331,DVL3,0.68164593
4330,ZNF764,0.6816657
6971,RIPK3,0.68167
18088,PAGR1,0.6816924
9928,BRD8,0.68170893
7152,FOXO1,0.68172014
16151,ZNF846,0.681734
7145,PRRX2,0.6818459
8418,NACC1,0.68186784
18610,LMCD1,0.6818954
5232,SLC30A9,0.68196535
18623,SEC14L2,0.6819802
9729,ZNF432,0.6819895
8443,CRTC2,0.682032
9575,ADORA2A,0.6820347
11717,ZNF507,0.68206775
582,NELFB,0.6820783
113,MAD2L2,0.6821014
13032,RBAK,0.68210465
13565,CAPRIN2,0.6821447
1703,ZNF18,0.682145
7033,MED15,0.68215454
5546,ZXDB,0.68216485
11006,PINK1,0.6821755
13828,MED8,0.6821851
15739,SFRP4,0.68218595
357,FOXK1,0.68219906
10346,PTGES2,0.6822345
12127,NRDE2,0.68225515
14931,DGKQ,0.6822787
18485,NOTCH3,0.68230444
2213,PRKD2,0.68237
8071,PWP1,0.6823767
8192,MLLT6,0.68238
8468,AP3B1,0.6824015
18400,TAB2,0.6824244
16790,TTC21B,0.6824287
129,NPAT,0.6824333
12372,ZFP1,0.682534
1425,ATF5,0.68257195
5720,ZBTB47,0.6825801
14231,RET,0.6826324
5240,PPP3R1,0.6826613
8430,NR2C2,0.6826823
3143,SIRT2,0.68269336
1937,RERE,0.6826976
4165,SAMD1,0.6827043
2221,KLF7,0.6827343
13915,SMAD4,0.6827365
6130,MED29,0.68278426
3936,DLGAP5,0.68283564
4527,MGA,0.6828955
17010,CDC45,0.6829099
6380,SUPT6H,0.68292004
10429,BRCA1,0.68293726
16036,ZNF419,0.6829383
18308,ETV5,0.6829602
17163,BMP4,0.68300396
14800,CHD7,0.68306977
14148,ZNF521,0.68309486
12976,WWC2,0.6831062
17801,MAP3K5,0.683134
6660,CAV1,0.6831865
17310,MED26,0.6832002
4488,PPID,0.6832057
5829,ZBTB6,0.68321383
3369,CREBRF,0.68324006
16412,CBX8,0.6832541
2871,NR2F2,0.68330765
1382,ZNF136,0.6833485
17371,EHMT1,0.6833528
4346,ZNF184,0.6834219
8558,RFX5,0.6834909
17280,PRRX1,0.683527
2297,MAF,0.68352956
4405,CD86,0.6835339
11379,KLF5,0.68357086
19339,MYD88,0.68357265
6958,SETD3,0.6835936
16461,PHF5A,0.6836014
1957,SMYD2,0.6836297
1904,CDK11B,0.68362975
14973,ZNF74,0.68368864
7757,PML,0.6837412
16300,ZNF783,0.6837429
11096,NR2F6,0.6837432
12260,DHX33,0.68374366
9177,ZFAT,0.6837475
15754,PHF10,0.6837485
19135,CEBPB,0.6837601
3975,LGR4,0.6837609
1370,MAP3K10,0.68376964
12458,GATAD2A,0.6837703
6671,LRRFIP2,0.6837792
4067,DKK3,0.68379533
2032,ZNF652,0.68383443
15158,TRIM34,0.6838524
4238,BAZ1B,0.6838711
9813,BBS10,0.68388337
3769,MLX,0.68392
12354,HES4,0.6839506
18957,ASXL2,0.6839869
8454,MICAL2,0.6840219
6024,RNF19A,0.68406445
10906,SIX1,0.6840874
6430,MBD3,0.6840886
10347,FOXP4,0.6840919
5951,TRIB1,0.6840932
18159,ARID4A,0.6841241
4858,IRF8,0.68412906
4513,RBM14,0.6841715
12760,PSPC1,0.68417877
1012,NFXL1,0.6842256
2962,CTNNBIP1,0.6842461
636,HES6,0.68427134
11756,FAF1,0.6842964
10369,ZFP41,0.6843282
15336,ZNF217,0.68435836
8526,JAZF1,0.68437946
12056,RUNX2,0.6843948
6276,ZNF304,0.6844055
9795,SUV39H1,0.6844281
10930,ZNF398,0.6844386
12503,ZSCAN25,0.68449837
16489,TSC22D4,0.6845016
17039,HOXB3,0.6845554
675,NAA16,0.68455774
4591,ZNF785,0.6845799
13123,RCOR3,0.68460006
10339,BMPR1B,0.68460846
5021,NBN,0.6846147
19496,ZNF552,0.6846378
1366,SETDB1,0.6846849
16059,ERF,0.6846983
17735,ZSCAN18,0.6847439
15713,AGO2,0.6847481
15141,ZNF33B,0.6847527
18304,WFS1,0.6847597
6104,ZNF292,0.68479025
19645,AGO1,0.6847949
496,ZNF45,0.68480176
17485,OSR2,0.684807
18410,BAMBI,0.684812
9455,RLF,0.6848124
12105,SNIP1,0.68482405
120,ATXN7L3,0.6848243
18571,ZNF626,0.68483007
1520,ZNF384,0.68483084
9992,WAS,0.68484944
10292,CIR1,0.68489164
19213,ZNF211,0.6848994
12201,TDP2,0.68492806
2078,METTL4,0.68494207
16966,GMEB1,0.684951
17109,HELLS,0.685013
11456,CDK7,0.6850477
15067,ARID1A,0.6850992
12000,ARRB2,0.6851273
5296,SMYD3,0.68515486
3978,TASP1,0.68519336
18778,DHX36,0.6852084
11344,ZNF827,0.685215
3994,USP21,0.68522215
13570,SMO,0.6852257
15615,FBXO5,0.6852453
4828,TRIAP1,0.6853112
6829,MXD1,0.68532676
19095,MYCBP,0.6853303
892,ZNF586,0.6853509
9364,CFLAR,0.68535095
10662,GABARAPL1,0.68535155
3940,CARM1,0.6853666
7430,ZBED4,0.6853879
5092,NR4A2,0.68544763
4498,TRIM22,0.6854825
12442,WTIP,0.68550104
3794,USP11,0.6855106
19444,NOTCH2,0.6855139
18344,ATP2B4,0.6855272
1962,ROR2,0.6855373
18905,TIRAP,0.6855481
3910,MXD4,0.68554837
18365,RFX1,0.68556666
8824,DENND4A,0.68556976
8080,AKIRIN1,0.68558675
2860,FNIP2,0.6855943
9927,PPP3CB,0.68562585
12244,PTEN,0.6856285
19004,OASL,0.68563616
16546,EYA2,0.6856638
12821,ZNF24,0.6856793
15666,UBE3A,0.68568
2430,TYMS,0.6857218
8564,LCOR,0.6857341
13836,NKRF,0.6857358
19207,SP1,0.6857756
13132,KTI12,0.6857831
3812,ADORA3,0.6857913
6996,LPIN3,0.685793
17983,CCNK,0.68580186
16510,PSMC3IP,0.68580663
13265,KLF10,0.68581027
9893,ZNF789,0.68581736
1642,YAP1,0.68584424
4000,MAP2K1,0.6858607
5709,TCF7,0.68587625
17146,PER2,0.6858924
7006,PLAGL2,0.6858964
7099,GABPB2,0.6859024
11654,BAZ2A,0.68590736
7211,CXXC1,0.6859095
9922,ZBTB10,0.68592507
13492,SLCO3A1,0.6859353
18633,AFAP1L2,0.685939
9579,CRTC1,0.68595684
15475,MYSM1,0.6859637
11875,CIC,0.685983
18650,HOXD8,0.68600273
7275,MID2,0.6860277
1912,POGK,0.6860348
19361,DDR2,0.6860405
18997,RHOQ,0.6860849
6711,SRCAP,0.686102
14762,ZNF595,0.6861309
8091,SESN2,0.6861495
4522,NR1H3,0.686164
8592,RBBP8,0.68618196
495,IRX5,0.6862163
9484,ZSCAN30,0.68623537
8143,CNOT3,0.6862777
16722,ZNF253,0.6862897
4241,NOTCH4,0.68630135
16975,NOTCH1,0.68630165
8743,IRF7,0.6863123
17922,ZNF37A,0.6863292
18698,IRF5,0.686338
4925,ZBTB5,0.6863524
2891,E2F4,0.686355
5749,PIK3R2,0.6863827
14511,PER3,0.68639374
7561,SAFB2,0.68639386
2459,POLA1,0.6863972
17968,LRP5,0.686419
16174,ZNF704,0.6864232
5364,ZNF93,0.6864308
2114,LIMS1,0.6864442
641,SRA1,0.68647516
9403,MALT1,0.6864944
18858,TRIM56,0.686496
17993,FANK1,0.68649954
10844,MXD3,0.6865026
2659,PSIP1,0.68650675
4734,ZNF649,0.6865103
10707,ZNF329,0.6865167
4487,PCID2,0.686518
8040,TCF12,0.6865293
17106,LDB2,0.68653816
10248,SS18L2,0.68655556
8632,FST,0.6865779
685,HMOX1,0.686589
4902,ABL1,0.6865937
3623,ZNF862,0.6865945
16730,RING1,0.6865966
3076,TAF11,0.6865994
7739,SFMBT1,0.6866011
18539,MCPH1,0.68664026
8727,MTHFR,0.6866427
5193,MAP3K13,0.686646
5078,ZNF343,0.68664694
15999,ZNF85,0.6866537
4983,MNAT1,0.68670577
19043,ACTR5,0.68671507
11862,EIF2AK4,0.68676275
17816,PELP1,0.6867769
12965,CCNH,0.6867909
11057,NFYB,0.68679285
12342,ZNF420,0.68689346
14820,MAFG,0.68691087
17189,HOXB7,0.6869315
9316,ZKSCAN8,0.6869529
9096,ERCC3,0.68702066
7153,RPRD1A,0.68705094
17741,ZNF232,0.68706644
14611,ZSCAN31,0.68709797
17693,CRK,0.6871014
6821,PIK3R1,0.6871332
18891,RERG,0.6871467
16133,ZNF263,0.6871469
11179,ZMYM5,0.68715906
9980,GTF2B,0.68717474
10793,SLC9A1,0.68717694
18752,KDM3B,0.6871985
18602,FUBP3,0.6872211
10086,CD200,0.6872311
10533,RARG,0.6872313
14474,ZNF692,0.6872466
8512,BBS7,0.68729895
861,FOXK2,0.6873073
15894,POLR3C,0.6873123
2808,TEF,0.68734175
16176,BRD4,0.6873493
9448,DR1,0.6873739
17671,SBNO2,0.68740106
3783,ZNF606,0.6874119
15087,NCOA5,0.6874193
19289,MEF2C,0.6874235
10385,ZNF629,0.6874254
14684,CAMTA2,0.68742627
5989,ZNF415,0.6874265
9854,FZD4,0.6874597
5043,RBPJ,0.68746674
4880,ZNF816,0.68748254
14610,WASL,0.6874947
5450,HIVEP3,0.68755704
14860,DLG1,0.68756133
13487,MORC2,0.6875695
4833,MAPK9,0.6876032
10860,LRP6,0.68762237
13127,DOT1L,0.6876285
9769,MAP2K3,0.6876538
3054,SUV39H2,0.687667
2845,TEAD2,0.68768
19389,ZNF107,0.6876824
2551,ZFP91,0.68768424
11882,ZNF689,0.68769056
5920,KLF13,0.6877098
15928,MED10,0.6877109
5636,ELK1,0.6877224
16027,NCOA6,0.6877309
2325,TRAF3,0.687737
2876,SP110,0.68775386
17566,RXRA,0.68775487
19534,ZNF587B,0.6877592
882,APBB2,0.68776643
18050,SSBP2,0.6877767
144,SGK1,0.6877799
16435,TARBP1,0.68783987
12524,ZNF821,0.6878458
10392,HAVCR2,0.68786615
19418,NCK2,0.6878931
7876,ZNF268,0.68790555
13115,PKD2,0.6879108
16827,USP47,0.68795156
10489,ZNF737,0.6879521
4720,FANCA,0.68796027
7845,SP140L,0.6879619
11807,CTCF,0.6879884
10833,POFUT1,0.6879936
8869,ARNTL,0.68803734
512,E2F3,0.6880421
2146,TAF12,0.68805456
10358,NDN,0.6880555
7999,HCFC1,0.6880694
10330,NR4A1,0.6880703
19711,RBM10,0.68807334
14699,CD34,0.68807405
15813,GTF2H2,0.6880802
3747,ZNF641,0.68808496
1757,SAP30L,0.68809044
2010,CDK5RAP2,0.68813187
8873,ZC3H12A,0.68814814
14731,ZEB1,0.68815786
8194,ZNF83,0.6881809
919,AJUBA,0.68820524
11984,PCBD2,0.6882134
8576,DYRK1A,0.6882521
2231,FADS1,0.6882703
4001,THAP7,0.6882707
1276,CDK18,0.68828267
15070,PRICKLE1,0.6882932
5781,TRIM52,0.6883222
13168,HIPK2,0.68832546
18369,BIRC2,0.68834436
17092,USP16,0.6883493
17885,ZNF254,0.68834966
16431,DDX20,0.688351
3914,SALL2,0.68835306
10965,RBFOX2,0.68835616
19657,WWC1,0.6883589
8197,PPM1D,0.68835986
17931,TCERG1,0.6883813
114,SIN3A,0.6883907
6423,CREM,0.68840295
11863,IRF2,0.6884095
14598,BCL7A,0.68841577
9804,ZNF646,0.6884407
12421,NOP2,0.68844414
18021,RBL2,0.6884953
12438,ZNF239,0.68849933
13375,PURA,0.6885228
11884,ZNF500,0.68853605
16931,ZNF318,0.6885367
7022,ZSCAN16,0.6885579
14413,CBFB,0.6885701
12544,ZNF212,0.6885823
6318,RNF41,0.6886248
9543,SUPT20H,0.6886285
14473,ABLIM3,0.6886421
618,PSRC1,0.6886471
15933,DDIT3,0.6886496
18557,ZNF408,0.6886523
11007,MEN1,0.6886551
11781,MYB,0.6886664
18741,MYBBP1A,0.6886834
9453,ZNF131,0.68868417
6784,ELL,0.6886895
11527,SMARCA5,0.68869734
18702,ZHX3,0.68869996
10566,MED17,0.68873763
730,WDTC1,0.6887406
5430,NRARP,0.6887856
13411,AKNA,0.68879366
17574,TAF1B,0.6888016
4571,TNKS,0.68882895
14993,NEK6,0.68883175
18614,ZBTB11,0.68884873
4287,ITGA6,0.68885
6244,RNF141,0.68886
8393,ZKSCAN1,0.6888633
2771,TFE3,0.6888793
17051,ZNF48,0.68890595
8704,MAPK8,0.6889284
2602,LBH,0.6889394
5937,BMPR1A,0.6889411
8845,CREBL2,0.6889447
18904,RNF168,0.68895614
16393,LIMD1,0.68896085
9087,SOX13,0.6889787
2819,HDAC5,0.68898857
12546,ETS1,0.6889984
15236,CRLF3,0.68900675
14708,GPATCH3,0.6890234
4646,ZNF429,0.6890506
1856,USP9X,0.689052
1139,RXRB,0.6890537
10632,RFC1,0.68905646
14694,JMJD1C,0.68906647
17469,PPM1F,0.68906975
8488,BCL6,0.68907773
13429,ZNF267,0.6890798
18026,CREB3L1,0.689094
13737,PTPRK,0.6891013
10283,RTF1,0.6891108
1780,KAT7,0.6891137
7675,TGFB1,0.6891197
9069,CBX4,0.68912375
11786,RIF1,0.6891453
2700,WWTR1,0.68914944
17893,ADAM8,0.6891548
10955,MBTD1,0.6891602
7179,DMTF1,0.68917537
601,FABP4,0.68917555
11119,SPIN2B,0.6891826
2673,ZNF700,0.68918484
7609,TBX3,0.68918556
16140,AKIRIN2,0.6891877
14841,NIF3L1,0.6891885
3295,MBD1,0.68918926
18513,KRBOX4,0.689209
4192,ATF1,0.68923575
10941,RPS6KA3,0.68925446
18765,DEDD2,0.68925923
13345,CITED4,0.68928325
11373,PCGF3,0.6892928
16751,FLI1,0.6893262
13401,POLR3F,0.68933314
16912,ZNF746,0.6893366
5514,RNF20,0.6893384
8806,ZNF675,0.68934435
9477,NPAS2,0.68935555
6151,UBXN7,0.6893562
4486,ZNF134,0.6893644
14814,HOXC6,0.68937176
3695,MED13L,0.6894131
11839,ZNF431,0.68941337
898,GZF1,0.689418
18816,RGCC,0.6894346
19349,PHF14,0.6894527
13640,ZNF577,0.6894576
565,LATS1,0.68947077
8685,HEXIM2,0.6894716
7742,LEO1,0.6894809
1805,AKAP17A,0.68948734
18195,DMAP1,0.6895001
12,LPIN1,0.6895054
6290,GMEB2,0.6895136
9292,ARNT2,0.6895218
15643,ZBTB14,0.68952376
4608,PAWR,0.68953055
6562,MEF2D,0.68954074
16906,SUFU,0.68954664
2930,ZNF3,0.6895542
12413,ZNF836,0.689569
9004,TTC5,0.689576
9513,PTP4A3,0.68957645
9141,DNAJC2,0.68961036
15439,SYK,0.68963724
2191,ZNF517,0.6896438
8645,CDK14,0.6896663
7266,GTF2IRD1,0.6896674
10313,ZNF354A,0.68967104
13844,CXCL10,0.6896736
18619,CHEK1,0.68967456
19226,NCK1,0.6896877
14255,THAP1,0.6896891
7219,ZNF559,0.68970686
7111,SS18L1,0.68971956
7348,MAP3K12,0.68973
9235,NFATC1,0.68974924
19663,NME2,0.6897511
9345,CD36,0.68975985
1342,KAT2A,0.6897831
4521,ZNF260,0.6898037
15474,HDAC11,0.68981004
15025,ZNF548,0.6898178
15542,NFKB2,0.68982136
13686,SENP1,0.68982327
7300,CLOCK,0.6898318
18637,ZNF511,0.68983835
4945,KLF11,0.68984044
10363,ASCC1,0.68984133
9637,ZC3H8,0.6898518
17874,MED21,0.68985295
10978,BASP1,0.6898886
10067,ZNF44,0.68991446
15228,HSF2,0.6899146
14124,TSHZ1,0.68991625
12472,SCMH1,0.6899186
18672,ZNF506,0.6899251
16736,RAP2C,0.68995506
613,RGMB,0.68995684
3829,SPEN,0.6899579
15000,ZNF655,0.6899731
10801,USP3,0.68997955
13063,RPS6KA1,0.68998754
18460,PSMD5,0.6899918
6960,ZNF514,0.68999255
2283,MIER3,0.6899949
12521,SRC,0.6899985
10206,MAPK7,0.6900129
16656,UTP15,0.6900231
475,ZNF197,0.6900245
1457,E2F1,0.6900349
17854,CC2D1A,0.69003636
1753,ZNF250,0.69006354
16571,GRHL2,0.6900711
2271,PTPN2,0.6900724
18716,DTX3L,0.6900807
12831,ZNF525,0.6900942
15672,ZBTB4,0.69009966
17274,AUTS2,0.6901017
4079,CENPF,0.6901296
18000,MAPK14,0.69016707
15696,NUP107,0.69019145
14790,BCL9L,0.69019324
1743,EHF,0.69020087
9571,RRM2,0.6902026
12775,ZNF224,0.690207
10988,LOXL2,0.69021803
5976,ECD,0.69021964
1625,EID2,0.69023347
204,CBFA2T2,0.6902357
912,NFKB1,0.69024575
14005,CDKN2B,0.69025147
4364,KANSL3,0.6902766
11136,TRIP13,0.690277
16301,F2R,0.6902776
15082,BRD9,0.6902935
4495,KLF16,0.6902945
17404,GTF2H1,0.69031745
12181,WDR77,0.69032276
12903,PKNOX1,0.6903295
14237,ZNF16,0.69033736
16974,ARNT,0.69033736
18366,ASXL1,0.6903436
9718,ZNF777,0.69035083
17808,ZSCAN2,0.69035727
14424,KMT2A,0.69035995
10060,WDR75,0.6903652
11744,CCNT1,0.6903707
13918,ZNF276,0.69037706
16230,FAM172A,0.69040596
19372,ATXN1L,0.6904129
12151,SRF,0.6904169
9858,SOX9,0.6904352
3757,CHD1,0.6904424
9361,CAMKK2,0.6904475
12389,CUL2,0.6904573
6663,TADA2A,0.69046265
147,ZSCAN21,0.69046575
10672,GON4L,0.6904757
11821,MAFF,0.6904867
13567,NEDD4L,0.6904891
16484,DEAF1,0.6905044
8669,CTR9,0.6905089
14028,TGFB1I1,0.69051325
14677,MXI1,0.6905194
14163,KDM3A,0.69052815
3530,TOB2,0.6905445
10858,ELK4,0.6905571
16891,PCGF5,0.69057703
10678,ZNF181,0.69058454
12233,FOXO3,0.6905886
5838,IMPACT,0.69059193
6457,ZNF142,0.6906157
1591,ZBTB9,0.69062114
16968,ZSCAN29,0.6906224
640,HCLS1,0.6906247
3725,ICAM1,0.6906294
7784,THOC1,0.69063216
16949,MKKS,0.690644
7208,NAT14,0.69064534
10229,KDM4A,0.6906493
13430,TCF7L1,0.690651
10495,BBS1,0.6906558
4263,PPP2R5B,0.69066566
4881,TCFL5,0.69067127
5437,PHF12,0.6906751
2583,TFAM,0.6906788
9089,ZNF791,0.6906801
16579,ZNF776,0.690681
13045,SETD1A,0.69069463
646,IGHMBP2,0.690699
9351,RASD1,0.6907076
9416,SIX5,0.69071305
19409,RNF25,0.6907236
5040,INPP5K,0.6907246
3367,ADNP2,0.69073665
2175,KCTD1,0.69073796
4293,MED6,0.69075066
6486,ZNF775,0.6907619
11324,PKD1,0.6907719
6780,ZNF639,0.69077754
8218,ELF2,0.69079554
1887,TAF4,0.69080323
10120,CREBZF,0.690821
4039,ZBED5,0.6908227
11761,WWOX,0.6908291
16900,BARX2,0.6908311
16952,CCNA2,0.69083625
8999,AHI1,0.69085056
14553,JARID2,0.6908575
15338,PFKM,0.6908681
14548,S1PR1,0.69087464
14995,VHL,0.69088453
9037,TRIM32,0.690887
19239,ZNF780A,0.6908889
16260,SERPINE1,0.6908955
4157,TRIB3,0.69089633
18556,TEAD1,0.6908985
10176,ATF7,0.6909072
19184,ZNF335,0.69090825
13019,MNT,0.6909193
8751,ATMIN,0.6909195
4779,MLF1,0.69092476
14212,MED16,0.6909558
6328,CDK8,0.6909608
16325,DAB2,0.6909658
8209,ZNF747,0.6909691
7641,TFAP2C,0.6909717
8780,EXOSC9,0.6909721
15064,ABCA2,0.6909817
3971,CD4,0.69098866
5279,CREB3L2,0.6910193
3329,TGFBRAP1,0.6910212
17457,ZEB2,0.6910222
15518,MAFB,0.691037
2017,CDK12,0.6910422
8126,MPHOSPH8,0.6910447
10535,WIZ,0.69104594
11081,ZBTB41,0.6910564
17618,NRF1,0.6910659
5373,PELI1,0.69106627
9323,SAV1,0.6910672
5004,STRN,0.6910728
18119,BDP1,0.6910739
3284,ACVRL1,0.69107467
5846,BTAF1,0.69107556
14858,MOSPD1,0.69107753
18772,KDM6B,0.69108236
12430,PIAS2,0.69108987
4551,CELSR2,0.69110173
10549,PCGF1,0.6911057
14206,ZNF444,0.6911065
17122,SKI,0.69111997
6837,CDC6,0.6911443
13092,FOXP1,0.6911455
18514,ZNF468,0.69115645
3427,ZFP62,0.69116384
2060,ZNF580,0.69118255
632,CAMK1,0.6911885
13983,ZNF672,0.69122803
4162,IRF2BPL,0.6912282
14458,ATM,0.69122976
16392,ZNF680,0.6912381
19676,TRIB2,0.69124675
17688,IL18,0.6912528
8131,GTF2H2C,0.6912649
17013,KDM4C,0.6912683
8978,KMT2E,0.69128734
4892,ZNF880,0.691288
1471,ZNF286A,0.6912956
17395,ZNF691,0.69130087
8550,NFYA,0.6913019
11142,SUDS3,0.69130254
4750,ARID2,0.6913103
17137,IKZF5,0.6913182
9643,TNIP2,0.69133055
15225,TP53INP1,0.69134
6862,GTF2H4,0.6913578
17239,WWP2,0.691358
17721,NFATC2IP,0.691379
8497,TAB3,0.69138384
3979,ZNF227,0.6913959
10356,ZNF7,0.69140965
13235,NAAA,0.69141275
16511,ZNF337,0.6914154
9699,FNIP1,0.6914168
15526,GLI3,0.6914178
2235,HOXC9,0.6914362
2050,HMBOX1,0.69143826
11097,CENPV,0.69145477
14109,CBX7,0.6914557
5938,BACH1,0.6914594
12901,HCK,0.6914597
7258,TRIP4,0.69146407
12425,ZNF133,0.69146895
9937,NELFA,0.6914751
14504,MZF1,0.6914755
3300,ACVR1,0.69151556
785,WDR43,0.6915172
15611,ATXN1,0.6915197
8006,PPRC1,0.6915248
6124,NIPBL,0.6915443
2374,FOXO4,0.6915562
17381,TACC1,0.6915572
15275,NR1D1,0.6915591
10487,ZMYND8,0.6915596
18641,ING5,0.6915625
1028,PDE8A,0.6915679
7461,SETD7,0.69158065
2721,CD40,0.6915817
10574,ZP3,0.691584
6270,PHIP,0.6915942
17484,CDKN1C,0.6916025
6329,KDM1B,0.6916028
17031,DNAJC17,0.6916133
9650,ZNF138,0.6916153
6601,ZNF174,0.6916226
3034,TFDP2,0.6916281
15380,SFRP1,0.69163245
18151,JMJD6,0.6916387
14857,BBS2,0.69164205
2141,ZNF43,0.6916447
17322,TRIM5,0.691648
19019,CHEK2,0.69166726
14261,BAZ1A,0.6916773
6622,BRPF1,0.6916782
15795,LMO2,0.6916874
6182,TOPORS,0.6917156
18147,SUPT7L,0.6917173
6012,ZNF561,0.691719
16773,MED9,0.69172657
11490,ELF4,0.69173634
9549,TRAPPC2,0.6917512
19163,TP53BP1,0.6917602
17767,ZNF331,0.69177246
14300,PRMT6,0.69177794
7705,ZNF395,0.69178647
15409,ZNF350,0.69180936
1589,ZNF585A,0.69181234
5331,CTDP1,0.6918166
8582,TBP,0.6918255
12919,ZBTB42,0.69183356
2082,PADI2,0.6918368
2736,ZNF101,0.69184077
2365,PPP1R12A,0.6918431
16624,XPC,0.69185424
11521,STK3,0.6918563
2137,ZNF581,0.69185793
13177,ARID4B,0.69186383
19264,EIF2AK3,0.69186854
9781,TRIM44,0.6918747
19206,DVL1,0.69187796
4971,ZNF317,0.6918784
4020,ITGB3BP,0.6918789
12922,ARRB1,0.6918817
10075,TRIM11,0.6918856
5081,MDM4,0.6918939
18049,CREBBP,0.69189656
14434,ZNF480,0.69189715
12584,ZNF446,0.69190836
8267,ZNF76,0.69191444
12732,YEATS4,0.6919163
5451,HSBP1L1,0.69191706
18626,TTC8,0.6919172
5035,PIR,0.6919178
14054,FBXW11,0.69192725
17365,DUSP22,0.6919385
18397,TFB2M,0.69194067
19306,MBTPS2,0.69194555
9313,ARID5A,0.6919479
2196,SKAP1,0.69195276
8701,FADD,0.6919541
392,ZNF189,0.6919583
15044,NFX1,0.69195926
14205,STAT5B,0.69197494
10498,PHF20L1,0.6919886
907,EGLN3,0.69199765
8944,ZNF219,0.69201297
13030,RECQL5,0.6920137
3315,TFEB,0.6920202
102,ENPP2,0.692035
6759,BCL10,0.6920393
10940,ZBTB45,0.6920419
852,TCF7L2,0.6920425
9621,PLK3,0.6920451
85,ZNF558,0.692063
14057,NFATC3,0.69206405
12419,KMT2D,0.6920678
2707,TRAK1,0.6920681
12518,FOXJ2,0.69207233
7227,ZNF528,0.6920841
4729,PAXIP1,0.6920844
18931,MAP3K2,0.69209546
10629,PIAS4,0.6921133
18693,ZNF302,0.6921146
16711,LMX1B,0.6921276
3535,MIER2,0.6921425
19735,ELP4,0.6921438
6962,MLLT3,0.6921464
3858,MED1,0.692147
16074,TAF6L,0.692149
10357,TAF9B,0.69216055
17901,ZNF593,0.6922037
19031,GSK3B,0.6922101
1273,HOXB2,0.69221604
9972,ZHX1,0.69221836
1461,JDP2,0.69221956
4811,KLF4,0.6922275
13151,GADD45A,0.69223255
3965,SKIL,0.69224536
14243,ZFP90,0.6922506
5965,ANKRD49,0.69225085
8737,ZNF644,0.6922566
11053,ZNF322,0.6922723
11083,CBX5,0.6922734
3243,MED7,0.6922875
15215,RNF6,0.69228935
12792,ATP8B1,0.6922939
16689,THAP11,0.69230205
7966,LANCL2,0.6923089
6995,RNF2,0.69231254
4164,TFAP4,0.6923134
16354,ATF2,0.69231373
16673,PRKAA1,0.69231814
6614,ELP3,0.69231844
14351,TLE1,0.69231963
3524,ZNF574,0.6923294
4093,ERC1,0.69233626
12832,FIZ1,0.6923527
14537,GTF2IRD2B,0.69236207
9761,TFCP2,0.69237864
7611,PARP14,0.6923804
14087,ZNF280D,0.69239306
12415,ZNF544,0.6923947
4793,TRRAP,0.6923978
12895,IFRD1,0.6923979
10806,APBB3,0.69239867
6332,MTOR,0.692408
8993,INO80,0.6924233
10624,GMNN,0.6924245
11751,ELK3,0.6924269
7358,ZBTB38,0.6924406
10513,TRIM38,0.6924438
17712,E2F5,0.69244516
770,MAP2K5,0.6924485
3486,MED11,0.692453
15765,CARD8,0.6924605
14298,PPP3CA,0.6924628
6729,RREB1,0.6924631
4455,RPTOR,0.69246393
13749,GREM1,0.692473
11270,FOXJ3,0.6924757
3302,SMAD1,0.69248474
11161,REST,0.6925116
11866,PITX1,0.6925217
3413,ZNFX1,0.6925393
14043,SIN3B,0.6925419
16126,ZC3H4,0.69255245
15358,ZNF562,0.6925573
7861,MLLT1,0.6925601
10823,SPI1,0.6925627
10384,ZNF770,0.69256645
2109,TACC2,0.69256675
9527,FANCD2,0.69256717
9374,STK36,0.692568
1691,MAFK,0.6925751
5062,IER5,0.6925903
9667,ZSCAN9,0.6925966
10680,ZNF513,0.6925979
15032,HIVEP1,0.69260436
2198,ZBED1,0.6926077
9231,YEATS2,0.692608
11613,CCDC85B,0.6926133
4982,ZNF75A,0.69261575
18019,LRRC14,0.69261885
5294,ARHGEF11,0.6926305
14545,CCNT2,0.6926365
8881,GAS2L1,0.6926403
1499,CSRNP2,0.69264233
15826,GABPA,0.69264776
1053,PPIL4,0.69264895
6894,SENP2,0.69266146
17981,BTRC,0.6926629
16566,GATAD1,0.69266826
17596,MSL3,0.69266975
12271,MED19,0.6926716
2375,SBNO1,0.6926817
14795,EZH2,0.692685
6393,GLI4,0.69268584
13292,CDCA4,0.6926874
13300,SETX,0.6926898
6122,TDRD3,0.6926965
13338,KLF9,0.6926968
6668,MAVS,0.6927048
2062,GLRX2,0.69270617
19265,SERTAD1,0.69270706
13680,LMO7,0.69270843
15574,SCAF8,0.6927129
7106,IFT74,0.69271314
19180,ATF6,0.6927158
5165,CDK13,0.69271654
3027,SMAD7,0.69271773
3135,NMI,0.69272333
6629,MTF2,0.69272393
7214,NFKBIL1,0.6927245
2373,THRA,0.69272834
19664,ATG7,0.6927311
13588,ARID5B,0.69273454
16817,ZNF91,0.6927357
18132,AXIN1,0.6927424
10266,ZNF609,0.692743
5752,LPIN2,0.6927516
14153,CHD2,0.6927646
8703,NEK4,0.6927742
12552,KPNA6,0.69277424
11372,TRAPPC9,0.69278145
15422,RNF111,0.69278926
10437,CEBPG,0.6928056
15187,TEAD3,0.6928187
13269,TCF19,0.69281906
16954,NR3C1,0.69282985
1531,ETS2,0.6928324
2908,AFF3,0.69283247
16317,BAZ2B,0.692835
2775,EBF4,0.6928352
11736,KMT2C,0.69284487
7322,BRWD1,0.69285405
14855,HIRA,0.6928593
14,L3MBTL2,0.69286066
3393,TP53BP2,0.6928776
5786,AHR,0.6928803
12764,HLTF,0.6928815
17362,TRIM14,0.6928818
77,AURKB,0.6928866
14202,CREB1,0.6928867
6374,ATF3,0.69288784
16178,BCL9,0.69289356
19554,UBAP2,0.6929012
304,SMARCD3,0.69290227
12930,SNAI2,0.69290394
17913,CDK11A,0.6929073
8082,SOX12,0.69291866
2439,ZNF33A,0.69291943
9159,BANP,0.6929198
10286,CBX6,0.69292104
4537,SETD6,0.6929216
14111,DHFR,0.6929373
3581,HMGN5,0.69293934
8654,CACTIN,0.6929395
2031,TRADD,0.6929431
4107,ZNF451,0.69294703
17153,TXLNG,0.69294995
8118,MED14,0.6929525
3092,ORC2,0.6929551
18697,MDFIC,0.6929612
3138,TRIM29,0.6929631
1374,HELZ2,0.6929651
12879,CHUK,0.69297117
1888,STK4,0.69297165
11508,RAI1,0.69297343
13916,RIPK2,0.6929802
4097,HINFP,0.69298404
15630,HOPX,0.69298714
13580,MEF2A,0.6929892
17431,GATAD2B,0.6929923
15962,IPPK,0.6929925
2349,MPND,0.69299805
12529,STAT5A,0.6930012
564,IKBKG,0.69300514
15569,HEXIM1,0.69301105
11317,EIF2AK2,0.6930131
1533,MED12,0.6930144
9973,MECP2,0.6930184
2731,FHOD1,0.69302285
11930,HMG20A,0.6930302
1745,PHF6,0.6930401
19737,BCL2L12,0.6930523
6283,PHF2,0.69305646
12148,RRP8,0.69306254
13873,CDC73,0.69306326
7393,HSF4,0.6930633
8337,BAHD1,0.6930634
16060,SMURF2,0.69306785
14786,ZNF707,0.6930683
1206,ING1,0.69306844
14940,ZNF205,0.69307095
10264,LYAR,0.69307435
3667,SETD2,0.6930744
12835,MED27,0.6930776
3447,ITCH,0.69308096
11280,ETV6,0.6930893
9946,TRIM13,0.6930977
18899,TRAF2,0.6931021
4298,CDYL,0.6931033
17205,NKAP,0.6931059
11747,EPC1,0.69310653
6347,ZSCAN32,0.6931095
14882,FOXN3,0.69311446
1835,SAP130,0.6931158
13394,GCLC,0.6931193
14465,PHF20,0.69312286
34,MEIS3,0.6931283
4788,ZFP64,0.6931292
2512,ZNF274,0.69313204
6929,CDKN2A,0.6931348
2000,PRKCI,0.6931371
2751,BCL2,0.6931373
13438,ZBTB7A,0.6931403
5700,BRF1,0.6931408
3491,ACVR1B,0.6931419
15695,FHL3,0.69314283
7141,TRIP11,0.6931433
9036,TRIM25,0.69314563
4512,ZNHIT6,0.69315046
18879,PER1,0.69315344
1505,ZBTB1,0.69315886
17438,TRIM37,0.693159
16358,MYNN,0.69315964
8757,ZGPAT,0.6931663
15945,ZBTB2,0.6931664
12449,LIN37,0.6931681
14685,CAMK2D,0.6931699
1744,RB1,0.6931759
18961,PDGFB,0.69317764
2996,MRGBP,0.6931833
8503,CDK5,0.6931868
7730,UBR2,0.69318694
5485,NUP35,0.6931912
11594,NRIP1,0.69319516
3990,TICAM1,0.6931968
9800,TAF5L,0.69320047
13765,CRY1,0.6932025
18881,ING2,0.69320464
8787,RIPK1,0.69320685
2167,NFIB,0.69320756
17416,SIRT1,0.6932111
4135,ZNF496,0.69321483
10693,EP300,0.69321585
4066,EPC2,0.69321775
8805,THOC5,0.69321847
11094,ATAD2,0.6932253
14304,FZD7,0.69322723
16608,MYEF2,0.69322824
15190,TBK1,0.69322985
13172,RORC,0.6932317
12333,HEATR1,0.6932326
3461,DYRK1B,0.69323295
17511,ABT1,0.6932369
3286,ZNF92,0.693238
5188,PHC3,0.6932407
10481,ZBTB17,0.6932433
16040,FGFR2,0.69325376
14709,TADA1,0.6932542
3685,ZNF320,0.69325435
16649,LPXN,0.69325775
16797,UHRF2,0.6932594
2485,ZNF160,0.6932637
5543,ARID1B,0.6932641
8668,RPAP2,0.693265
6296,ZBTB18,0.69327116
2785,ZBTB33,0.69327146
10414,RPRD1B,0.693272
9510,TEAD4,0.69327253
13143,FOXM1,0.6932753
16942,ESRRA,0.69328105
5799,TNFAIP3,0.69328624
4889,PHF19,0.6932883
3659,PPARD,0.6932912
18788,NAB2,0.693298
18133,ZNF587,0.69329983
12098,CEBPD,0.6933044
3389,CDK17,0.6933112
18525,ZNF414,0.6933126
2387,LEF1,0.693313
2620,NLK,0.69332117
13206,ZNF251,0.69332224
1949,SPHK1,0.69332486
4310,KLF3,0.6933266
5065,TCF20,0.69333
11742,TSC22D2,0.69333416
8073,MED20,0.6933346
19729,SLC39A8,0.69333917
6869,ASH1L,0.6933426
15425,NCOA7,0.6933465
7399,UIMC1,0.69335204
10959,ZNF362,0.69335246
15199,SUZ12,0.6933528
9644,TRIM21,0.693353
10937,BCOR,0.693354
4977,FSTL3,0.6933549
213,PRKCZ,0.69335854
2040,FZD6,0.6933595
5807,MED31,0.69336206
18404,NFE2L3,0.6933633
5830,CRTC3,0.69336444
9291,ZNF148,0.69336843
5486,SP2,0.69337034
557,BCAS3,0.69337076
5843,CX3CL1,0.69337076
18223,GTF2H3,0.6933743
6961,TBL1X,0.69338363
12904,ZNF623,0.6933848
13434,ZNF22,0.69338787
9796,ELL3,0.693389
7138,ZNF524,0.69339305
16821,ZNF397,0.6933951
11961,INSR,0.69339603
5664,ZBTB48,0.6933964
16667,RSF1,0.6933978
1701,APBB1,0.6934027
17549,MAML1,0.6934039
12046,PBX3,0.6934043
8622,THAP3,0.6934064
8326,DDX58,0.6934075
18258,TMF1,0.69340795
8609,PIM1,0.6934088
1790,FLCN,0.69340914
4906,PAXBP1,0.6934116
14380,RYBP,0.6934123
14603,E4F1,0.69341856
17047,ZNF720,0.69341856
5270,TAB1,0.69342315
2332,VDR,0.6934256
9360,ZNF394,0.69342643
2407,FBXL19,0.6934293
19227,SIRT7,0.6934298
4243,SIRT6,0.6934319
5987,ZNF140,0.69343334
15207,ZXDC,0.69343466
1114,ZNF787,0.6934351
10135,NFKBIB,0.69343513
2341,TDG,0.6934368
15540,HOXC10,0.69343776
17587,NCOA1,0.6934393
6020,DVL2,0.69343966
14733,TCF4,0.69344085
2711,CC2D1B,0.69344133
16010,TAF1,0.6934415
11475,RELB,0.6934417
8283,MED18,0.69344276
107,TRIM33,0.6934469
14030,MDFI,0.6934506
18420,SEMA4D,0.6934518
1684,ZNF326,0.69345415
17347,REXO4,0.69345444
2681,MAP2K7,0.6934556
8251,ANXA3,0.69345754
17988,DAB2IP,0.6934586
5754,SPTY2D1,0.69345945
8729,PEX14,0.6934609
2406,ETV3,0.69346184
11305,KAT6B,0.69346195
2606,MED13,0.69346255
9237,NCAPG2,0.69346493
5015,BRF2,0.6934654
5530,SMCHD1,0.6934698
13554,IRF2BP1,0.69347036
5890,OVOL2,0.693474
14371,POLR1E,0.6934747
7759,NFIL3,0.69347715
13409,PHF21A,0.69347805
3118,ZNF12,0.6934782
5310,PRDM2,0.6934782
6709,ID1,0.6934825
9933,TADA2B,0.69348556
8522,KLF2,0.69348717
4258,GTF2A1,0.69348973
18581,HDAC10,0.6934898
17639,AR,0.69349116
8171,RRP1B,0.69349444
4584,ZNF627,0.6934951
12467,INHBA,0.6934977
3104,DDX11,0.6934978
1935,AKAP8,0.6934997
12612,ASF1A,0.6934998
8577,ATF7IP,0.69350064
5790,ZNF281,0.6935016
16503,OTUD7B,0.69350195
2529,RPS6KA4,0.69350225
5295,ZNF121,0.69350374
19494,RWDD3,0.69350547
312,TP53INP2,0.69350845
4544,ZNF814,0.69350976
2426,NR1D2,0.69351125
5128,KDM2B,0.693512
3496,HOMEZ,0.69351524
19076,EGLN1,0.69351524
82,BIRC5,0.6935154
9211,ACTR8,0.69351596
11165,NAB1,0.69351614
10519,CSRNP1,0.69351655
13777,RGS14,0.69351786
9879,WWC3,0.69351846
13437,PIM2,0.69351876
15381,JAG1,0.693519
7952,ZFX,0.69351935
4581,DBP,0.69352007
15697,RNF8,0.693521
14182,PIAS1,0.693522
8105,RCOR1,0.6935227
16752,THAP5,0.69352293
17818,PPP1R13B,0.69352406
9101,BHLHE41,0.69352955
15234,ZBTB22,0.6935297
9074,PDCD11,0.6935306
3262,TLE2,0.6935307
9060,ZNF282,0.6935317
14138,ZNF436,0.6935341
6664,PURB,0.6935359
15785,NCOA3,0.69353884
14568,MED22,0.6935393
15079,FZD1,0.69354063
9390,ARHGEF5,0.6935424
14570,CYP1B1,0.69354475
3585,TRIM41,0.6935464
812,TGFBR1,0.6935469
1690,YAF2,0.693547
587,ZNF576,0.6935486
7915,MLLT10,0.6935486
13851,ZNF213,0.69354904
19734,ZNF740,0.6935495
19,ZNF84,0.69355124
5208,BATF,0.69355154
2301,SCAF4,0.693552
17552,TULP3,0.6935524
8673,ZNF766,0.69355303
12368,BMPR2,0.69355375
10494,CDC5L,0.69355446
4010,BRD3,0.6935548
17139,IGF2,0.69355625
15116,GTF2IRD2,0.69356024
17170,CCDC22,0.6935646
13551,CRY2,0.69356483
8491,PABPC1L,0.69356567
5052,CKAP2,0.6935657
6904,MIER1,0.6935665
5063,FAM220A,0.6935687
17877,LILRB4,0.69356924
13772,TRAK2,0.69357055
18569,CARD16,0.69357127
8168,ZNF143,0.69357294
2630,GRHL1,0.69357365
15440,E2F6,0.6935742
11523,SGK3,0.6935743
12553,SAP30,0.6935755
10059,CNOT6,0.6935757
18160,CDCA7L,0.6935766
1547,SMARCAL1,0.6935767
17593,HIF1AN,0.69357836
9695,SMAD3,0.69357896
13359,KDM5A,0.69357914
1371,IRX2,0.69357985
8742,MAPRE3,0.69358134
7332,TIMELESS,0.69358164
12223,LRIF1,0.6935853
9003,CYLD,0.6935857
15868,ZNF195,0.69358623
15668,GLIS2,0.6935863
3046,BBX,0.6935864
7624,UFL1,0.6935872
13744,MED30,0.6935876
17158,RLIM,0.6935879
2665,NLRC5,0.6935894
11965,ZNF28,0.6935936
4946,SMAD5,0.6935941
10003,NCOA2,0.6936011
1960,ZNF266,0.6936024
18686,MLXIP,0.693604
16844,MYBL2,0.6936044
8016,AEBP2,0.69360554
18014,ZNF710,0.6936057
7899,EED,0.69360656
17320,KRAS,0.6936109
15589,CHD6,0.6936177
1541,MAP3K7,0.69361985
19174,OGG1,0.6936205
3311,EAF1,0.6936233
6340,BBS4,0.69362336
1871,EZH1,0.6936271
4856,GABPB1,0.69363105
5405,ZNF226,0.69363487
11823,ZNF688,0.6936355
7550,CASZ1,0.6936396
1795,DICER1,0.6936416
16331,PHF8,0.69364256
10896,ZNF721,0.69364303
9070,STRN3,0.6936449
6472,ZHX2,0.69364727
7451,TRIM24,0.69364846
11554,NR2C1,0.6936512
3513,NFKBIE,0.6936514
18880,SMARCA1,0.6936521
6421,KAT6A,0.69365644
19422,SERTAD2,0.69366467
9342,HDAC8,0.69367176
15599,NSD1,0.6936729
3379,SIK1,0.6936762
9093,PRDM4,0.6936812
2678,ATRX,0.6936869
18189,TRAF5,0.6936872
12877,NAA15,0.6936915
4402,TRIM16,0.693718
10172,DNMT3A,0.693723
14480,GCFC2,0.6937274
10071,UBE2D1,0.69372904
17415,ENPP1,0.6937354
17241,PHC1,0.69374704
13644,MED23,0.69374734
9771,PRKCH,0.69376403
9314,TGIF2,0.6937803
1298,ZNF467,0.69378847
10019,S100A8,0.69379014
11585,NOSTRIN,0.6938057
14562,NFIA,0.69381154
19423,PLK1,0.69384736
2642,RHOH,0.6938571
,name,recon_1
